# YYYYMM,CRUISE_CODE,SITE_NAME,LAT,LON,DATE_TIME_XLS_LOCAL,DATE_TIME_XLS_UTC,YYYYMMDD_UTC,YYYY,MM,DD,DOY_UTC,TIME_DECIMAL_UTC,TIME_HH_DECMM_UTC,_SALINITY,TCHL_A,TSS,NAP,A_PHY_STAR_440NM,A_PHY_STAR_676NM,A_PHY_STAR_440NM_676NM,A_PHY_STAR_380NM_440NM,A_PHY_STAR_400NM_440NM,A_CDOM_SLOPE,A_CDOM_440NM,A_NAP_STAR_440NM,A_NAP_SLOPE,BB_NAP_STAR_555NM,BB_NAP_SLOPE,B_NAP_STAR_555NM,BB_B_RATIO,TSS_ORG,PHY_MICRO,PHY_NANO,PHY_PICO,PHY_SIZE_IND,COUNT_999
200210,AO02,SAT001,-18.2671667,147.2971667,37550.42361,37550.00694,20021021,2002,10,21,294,0.0069444,0.1666667,35.23,0.0536131,0.9,0.8962471,0.1443948,0.0309922,4.6590686,0.7115582,0.8317407,-0.0111252,0.0553403,0.0055336,-0.0108145,0.1880522,2.910709,0.0358889,-999,-999,0,0.2309555,0.7690445,1.923822,0
200210,AO02,SAT010,-18.2488333,147.2846667,37551.39583,37550.97917,20021021,2002,10,21,294,0.9791667,23.5,-999,0.1787848,1.8,1.7874851,0.1463553,0.0351986,4.1579881,0.5695006,0.6347225,-0.0107195,0.0828788,0.0021077,-0.0092078,0.00123,1.700763,0.0715,0.0169488,-999,0.0555233,0.2196537,0.724823,4.5992544,0
200210,AO02,SAT004/5,-18.2891667,147.3898333,37551.6875,37551.27083,20021022,2002,10,22,295,0.2708333,6.5,35.25,0.088892,1.5,1.4937776,0.1483964,0.0371409,3.995502,0.6219724,0.7460298,-0.0088658,0.0671092,0.0030667,-0.0110193,0.006404,3.110659,0.0624,0.100556,-999,0,0.1821491,0.8178509,1.7285964,0
200210,AO02,SAT007,-19.3875,148.0631667,37552.47917,37552.0625,20021023,2002,10,23,296,0.0625,1.5,35.36,0.0910308,1.8,1.7936278,0.1399995,0.0360631,3.8820751,0.5812865,0.7058021,-0.0108644,0.0293814,0.0011989,-0.011787,0.0008739,1.682567,0.0398889,0.0213349,-999,0.1005576,0.3891072,0.5103352,7.4837534,0
200210,AO02,SAT008,-19.3811667,148.0695,37552.62847,37552.21181,20021023,2002,10,23,296,0.2118056,5.0833333,-999,0.1999136,1.6,1.5860061,-999,-999,-999,-999,-999,-0.0195103,0.0137412,0.0033839,-0.0090452,-999,-999,0.0724375,-999,-999,0.0816137,0.2110553,0.707331,5.8432941,3
200210,AO02,SAT008b,-19.198,148.143,37553.45833,37553.04167,20021024,2002,10,24,297,0.0416667,1,35.35,0.1343393,1.9,1.8905962,0.1167069,0.0350773,3.3271298,0.6364792,0.682332,-999,-999,0.003144,-0.0101675,-999,-999,-999,-999,-999,0.1375359,0.1414316,0.7210325,8.3049853,4
200210,AO02,SAT009,-19.3515,148.2148333,37553.63125,37553.21458,20021024,2002,10,24,297,0.2145833,5.15,35.43,0.2145408,1.6,1.5849821,0.0947419,0.0315844,2.9996426,0.5788351,0.6903198,-999,-999,0.001623,-0.0110829,0.0028575,0.597015,0.0825,0.0341375,-999,0.2293919,0.2973041,0.4733039,13.4294204,2
200211,AO02,SAT011,-20.0083333,149.1486667,37554.44444,37554.02778,20021025,2002,10,25,298,0.0277778,0.6666667,35.36,0.132575,1.8,1.7907197,0.0963876,0.0274389,3.5128078,0.5585175,0.668135,-0.0151711,0.0329807,0.0020637,-0.0095086,0.0044667,3.105903,0.0472778,0.0923832,-999,0.0796927,0.325259,0.5950482,6.20598,0
200212,AO02,SAT012,-20.1261667,148.7518333,37554.625,37554.20833,20021025,2002,10,25,298,0.2083333,5,35.63,0.3561693,1.8,1.7750681,0.0710045,0.0213969,3.31845,1.0886652,0.7511103,-0.0089836,0.0957313,0.0096916,-0.0115033,0.0041472,0.655281,0.2153333,0.0191642,-999,0.0707434,0.1403492,0.7889074,5.0278215,0
200213,AO02,SAT014,-999,-999,-999,-999,-999,-999,-999,-999,-999,-999,-999,35.73,0.3920181,4.9,4.8725587,0.0679495,0.0237058,2.8663688,0.6663455,0.7040388,-0.0151087,0.0243237,0.0210634,-0.0134867,0.0072231,0.865446,0.3829796,0.0188408,-999,0.2700506,0.1542679,0.5756815,14.8495503,0
200214,AO02,SAT015,-20.5836667,148.7493333,37556.38194,37555.96528,20021026,2002,10,26,299,0.9652778,23.1666667,35.91,0.2414662,4.2,4.1830974,0.0958486,0.0268925,3.5641456,0.7742411,0.7987481,-0.0093709,0.1150579,0.0128527,-0.0125063,0.0081293,0.897198,0.2035238,0.0398527,-999,0.0802797,0.1389395,0.7807808,5.4894625,0
200215,AO02,SAT016,-20.7125,148.9615,37556.47569,37556.05903,20021027,2002,10,27,300,0.0590278,1.4166667,35.72,0.2568087,4.2,4.1820234,0.1052353,0.0272845,3.8569672,0.899089,0.872327,-0.011318,0.0425075,0.0105835,-0.0127546,0.0036998,2.860622,0.2185238,0.0168952,-999,0.1392564,0.1120009,0.7487427,8.2715675,0
200216,AO02,SAT017,-20.6948333,149.1576667,37556.60417,37556.1875,20021027,2002,10,27,300,0.1875,4.5,35.63,0.288427,3.7,3.6798101,0.087988,0.0255726,3.4407165,0.7045576,0.7653657,-0.0146327,0.0229477,0.0064773,-0.0125591,0.0038581,0.539705,0.1585135,0.0242595,-999,0.1426928,0.154147,0.7031602,8.608535,0
200217,AO02,SAT018,-20.4566667,149.0558333,37557.34722,37556.93056,20021027,2002,10,27,300,0.9305556,22.3333333,35.65,0.2038126,3.9,3.8857331,0.0931043,0.0274024,3.3976655,1.1249634,1.1080506,-0.0193609,0.0173818,0.0069583,-0.0125608,0.0048521,0.611891,0.1267692,0.0381259,-999,0.1611254,0.1692358,0.6696388,9.5720891,0
200218,AO02,SAT019,-20.3563333,149.1211667,37557.42708,37557.01042,20021028,2002,10,28,301,0.0104167,0.25,35.54,0.3808117,4.2,4.1733432,0.0841667,0.0264879,3.177551,0.5503387,0.6542347,-0.018554,0.0158888,0.0043094,-0.011276,0.0016876,0.873082,0.0877619,0.0191294,-999,0.1457675,0.2502082,0.6040242,9.1434424,0
200219,AO02,SAT020,-20.2913333,148.818,37557.59722,37557.18056,20021028,2002,10,28,301,0.1805556,4.3333333,35.8,0.4026223,3.4,3.3718164,0.0823842,0.0240534,3.4250515,0.6980314,0.7284908,-0.0228854,0.0178486,0.0098842,-0.0126548,0.0040682,0.81203,0.2131471,0.0190359,-999,0.1275416,0.2007806,0.6716777,8.0526617,0
200220,AO02,SAT021,-20.182,148.6671667,37557.68403,37557.26736,20021028,2002,10,28,301,0.2673611,6.4166667,35.82,0.5053422,4.6,4.564626,0.0966514,0.0289203,3.3419893,0.76978,0.7933868,-0.0145197,0.0358658,0.0117543,-0.0124189,0.0048924,1.308582,0.2483913,0.0196631,-999,0.164194,0.2099419,0.6258641,9.885272,0
200221,AO02,SAT023,-20.1793333,148.6678333,37558.37847,37557.96181,20021028,2002,10,28,301,0.9618056,23.0833333,35.88,0.5503835,4.7,4.6614732,0.0893453,0.0258418,3.4573975,0.8280966,0.8348173,-0.0135211,0.049115,0.0167292,-0.0140885,-999,-999,-999,-999,-999,0.2054086,0.1592185,0.635373,11.7018945,2
200222,AO02,SAT024,-19.9998333,148.4311667,37558.48264,37558.06597,20021029,2002,10,29,302,0.0659722,1.5833333,35.95,0.5826008,4.2,4.1592179,0.0848063,0.0276578,3.0662687,0.7785867,0.7824832,-0.0289561,0.0088202,0.0131014,-0.0135921,0.0060129,0.823365,0.3247857,0.0184872,-999,0.2483355,0.212494,0.5391705,14.0184179,0
200223,AO02,SAT025,-19.7588333,147.7385,37558.75694,37558.34028,20021029,2002,10,29,302,0.3402778,8.1666667,36.36,1.3882932,10.9,10.8028195,0.0709463,0.0219786,3.2279706,0.897324,0.8425319,-0.0164768,0.0820936,0.0273791,-0.0132774,0.0079066,0.771586,0.3950734,0.020004,-999,0.3208253,0.1202908,0.5588838,17.201605,0
200309,FK03,FK01,-23.3859333,150.5619167,37869.35278,37868.93611,20030904,2003,9,4,247,0.9361111,22.4666667,29.1,7.28,-999,-999,-999,-999,-999,-999,-999,-999,-999,-999,-999,-999,0.940146,0,0.0309503,-999,-999,-999,-999,-999,8
200309,FK03,FK02,-23.4781167,150.6274833,37869.45834,37869.04168,20030905,2003,9,5,248,0.0416782,1,32.7,2.11,-999,-999,-999,-999,-999,-999,-999,-0.0183122,0.4705894,-999,-999,-999,0.996588,0,0.0405413,-999,-999,-999,-999,-999,6
200309,FK03,FK05,-23.5,150.895,0.6736111,0.2569444,19000100,1900,1,0,0,0.2569444,6.1666667,-999,1.5,-999,-999,0.2290501,0.0179289,12.7754612,4.0574083,2.2965167,-0.0140897,0.169665,-999,-999,-999,1.049948,0,0.0553719,-999,0.79,0.04,0.18,39.69,4
200309,FK03,FK09,-23.41835,151.15625,0.4389005,0.0222338,19000100,1900,1,0,0,0.0222338,0.5333333,36,1.27037,0.8,0.7110741,0.0243054,0.0130611,1.8608928,2.2958264,0.8802404,-0.0115848,0.0830631,0.0280795,-0.009906,0.0062962,0.42098,0.7195763,0.0087499,-999,0.22,0.09,0.7,11.96,0
200309,FK03,FK10,-23.4027,151.04595,37870.43682,37870.02015,20030906,2003,9,6,249,0.0201505,0.4833333,36.09,0.4,-999,-999,0.0703121,0.0255061,2.7566764,0.7487705,0.7355684,-0.0147627,0.0455222,-999,-999,-999,0.598425,0,0.0179193,-999,0.37,0.19,0.44,20.01,4
200309,FK03,FK11,-23.4270333,150.9906,37870.53333,37870.11667,20030906,2003,9,6,249,0.1166667,2.8,36.03,0.58,-999,-999,0.0630196,0.0194242,3.2443829,1.0420271,0.920653,-0.0135351,0.0662411,-999,-999,-999,0.585473,0,0.020409,-999,0.42,0.16,0.42,22.16,4
200309,FK03,FK15,-23.38555,150.8978333,37871.38543,37870.96876,20030906,2003,9,6,249,0.9687616,23.25,36.1,0.7436701,2.4,2.3479431,0.0502179,0.0192788,2.6048224,0.7207664,0.7424771,-0.0154498,0.0940674,0.0384267,-0.0118626,0.0162704,0.442861,0.9774271,0.0166462,-999,0.43,0.17,0.4,22.57,0
200309,FK03,FK18,-23.31985,151.1169,37871.48473,37871.06807,20030907,2003,9,7,250,0.0680671,1.6333333,36.1,0.1491773,3.8,3.7895576,0.0860194,0.0275875,3.1180518,0.8603615,0.8189113,-0.0129543,0.0352521,0.0014501,-0.0106285,0.0008095,0.371436,0.0948813,0.0085314,-999,0.34,0.12,0.55,18.12,0
200309,FK03,FK19,-23.3906,151.0287,37871.52083,37871.10417,20030907,2003,9,7,250,0.1041667,2.5,-999,-999,-999,-999,-999,-999,-999,-999,-999,-999,-999,-999,-999,-999,-999,-999,-999,-999,-999,-999,-999,-999,10
200309,FK03,FK21,-23.5661833,150.8615833,37872.62779,37872.21112,20030908,2003,9,8,251,0.2111227,5.0666667,36.4,1.9933518,-999,-999,-999,-999,-999,-999,-999,-0.0177432,0.1388658,-999,-999,-999,-999,-999,-999,-999,-999,-999,-999,-999,7
200309,FK03,FK22,-23.5554667,150.8224333,37872.36459,37871.94793,20030907,2003,9,7,250,0.9479282,22.75,36.4,2.1095642,-999,-999,-999,-999,-999,-999,-999,-0.0148468,0.2717054,-999,-999,-999,-999,-999,-999,-999,-999,-999,-999,-999,7
200309,FK03,FK23,-23.6044833,150.7939,37872.42432,37872.00765,20030908,2003,9,8,251,0.0076505,0.1833333,36.55,1.8293996,-999,-999,-999,-999,-999,-999,-999,-0.0164406,0.2385498,-999,-999,-999,1.000626,0,0.0403764,-999,-999,-999,-999,-999,6
200309,FK03,FK24,-23.5890833,150.74095,37872.42223,37872.00557,20030908,2003,9,8,251,0.0055671,0.1333333,36.66,2.3337918,-999,-999,-999,-999,-999,-999,-999,-0.0162186,0.2796083,-999,-999,-999,-999,-999,-999,-999,-999,-999,-999,-999,7
200309,FK03,FK27,-23.6044833,150.7939,37872.53762,37872.12095,20030908,2003,9,8,251,0.1209491,2.9,36.66,-999,-999,-999,-999,-999,-999,-999,-999,-0.0165458,0.2509458,-999,-999,-999,-999,-999,-999,-999,-999,-999,-999,-999,8
200309,FK03,FK28,-23.5554667,150.8224333,37872.59377,37872.17711,20030908,2003,9,8,251,0.1771065,4.25,36.53,-999,-999,-999,-999,-999,-999,-999,-999,-0.0165439,0.2318481,-999,-999,-999,-999,-999,-999,-999,-999,-999,-999,-999,8
200309,FK03,FK29,-23.5661833,150.8615833,37872.61807,37872.2014,20030908,2003,9,8,251,0.2014005,4.8333333,36.46,-999,-999,-999,-999,-999,33.0135841,3.7262139,2.4692147,-0.0168433,0.2163197,-999,-999,-999,-999,-999,-999,-999,-999,-999,-999,-999,8
200309,FK03,FK30,-23.5018333,150.9523,37873.63681,37873.22014,20030909,2003,9,9,252,0.2201389,5.2833333,36.16,0.7461727,11,10.9477679,0.057563,0.0184573,3.1187069,0.6388489,0.7999809,-0.0145608,0.0781725,0.0390646,-0.0135635,0.0452324,0.988231,1.5497049,0.0291877,-999,0.54,0.16,0.3,28.03,0
200309,FK03,FK32,-23.3651167,150.9517667,37873.41323,37872.99656,20030908,2003,9,8,251,0.9965625,23.9166667,36.14,0.4873161,2.3,2.2658879,0.0743154,0.0258466,2.8752525,0.8608836,0.80893,-999,-999,0.0344001,-0.0114993,0.0107591,0.35673,0.7618804,0.0141218,-999,0.39,0.2,0.41,21.03,2
200309,FK03,FK34,-23.3449333,150.8345667,37873.49586,37873.07919,20030909,2003,9,9,252,0.0791898,1.9,39.4,0.3624809,3.9,3.8746263,0.0641163,0.0212012,3.0241778,0.7951033,0.7069261,-0.0214649,0.0476571,0.0200051,-0.0117831,0.0088462,0.703315,0.6378246,0.0138693,-999,0.43,0.21,0.36,23.07,0
200309,FK03,FK35,-23.3215917,150.8890167,37873.51598,37873.09932,20030909,2003,9,9,252,0.0993171,2.3833333,36.33,0.2564066,1.7,1.6820515,0.0677058,0.0236181,2.8666937,0.7082865,0.6900725,-0.0167414,0.0725724,0.02885,-0.0113348,0.0092641,0.426664,1.2344253,0.0075048,-999,0.35,0.18,0.47,18.92,0
200309,FK03,FK38,-23.2623,150.8679,37874.36112,37873.94446,20030909,2003,9,9,252,0.944456,22.6666667,36.4,0.3943765,-999,-999,0.0642326,0.0260591,2.4648817,1.0320724,0.7960882,-0.0238945,0.0214104,-999,-999,-999,0.5508,0,0.0138015,-999,0.31,0.21,0.48,17.19,4
200309,FK03,FK40,-23.2626833,150.9950833,37874.40836,37873.99169,20030909,2003,9,9,252,0.9916898,23.8,36.28,0.5245266,1,0.9632831,0.0494846,0.0197744,2.5024545,1.1696427,0.8233188,-0.0284026,0.0103269,0.0147021,-0.0117981,0.004534,0.518808,0.337922,0.0134173,-999,0.35,0.25,0.41,18.98,0
200309,FK03,FK41,-999,-999,-999,-999,-999,-999,-999,-999,-999,-999,-999,-999,-999,-999,-999,-999,-999,-999,-999,-999,-999,-999,-999,-999,-999,-999,-999,-999,-999,-999,-999,-999,-999,10
200309,FK03,FK42,-23.2427167,151.0940167,37874.47362,37874.05696,20030910,2003,9,10,253,0.056956,1.3666667,36.04,0.2600064,-999,-999,0.0780104,0.0296169,2.6339774,0.887181,0.7625745,-999,-999,-999,-999,-999,4.722909,0,0.0134137,-999,0.34,0.32,0.34,18.82,6
200309,FK03,FK44,-23.17095,150.8385333,37874.53821,37874.12154,20030910,2003,9,10,253,0.1215394,2.9166667,36.39,0.1644508,-999,-999,0.0915613,0.0268168,3.4143231,0.8639956,0.8464203,-0.0197526,0.0366126,-999,-999,-999,0.430919,0,0.0181242,-999,0.36,0.2,0.45,19.24,4
200309,FK03,FK45,-23.1520167,150.7949667,37875.62291,37875.20624,20030911,2003,9,11,254,0.2062384,4.9333333,36.7,0.2410768,-999,-999,0.0761441,0.0247733,3.0736389,0.8469583,0.8279688,-0.0141744,0.0643869,-999,-999,-999,0.435173,0,0.0175857,-999,0.51,0.16,0.33,26.83,4
200309,FK03,FK48,-23.1050667,150.9109667,37875.38334,37874.96668,20030910,2003,9,10,253,0.9666782,23.2,36.24,0.9626727,1.4,1.3326129,0.0372782,0.0173753,2.145474,1.487183,0.7926063,-999,-999,-999,-999,0.0027029,0.565014,0.271375,0.0099599,-999,0.3,0.28,0.42,16.77,4
200309,FK03,FK49,-999,-999,-999,-999,-999,-999,-999,-999,-999,-999,-999,-999,-999,-999,-999,-999,-999,-999,-999,-999,-999,-999,-999,-999,-999,-999,-999,-999,-999,-999,-999,-999,-999,10
200309,FK03,FK50,-23.0709667,151.04115,37875.45557,37875.0389,20030911,2003,9,11,254,0.0389005,0.9333333,36.08,1.6685291,-999,-999,-999,-999,-999,-999,-999,-999,-999,-999,-999,-999,0.675015,0,0.0089094,-999,-999,-999,-999,-999,8
200309,FK03,FK60,-23.25635,150.84085,37876.53822,37876.12155,20030912,2003,9,12,255,0.1215509,2.9166667,36.63,0.1537157,-999,-999,0.059097,0.0194791,3.0338614,0.8251191,0.800082,-0.0163433,0.0424524,-999,-999,-999,-999,-999,-999,-999,0.37,0.11,0.52,19.49,5
200309,FK03,FK63,-23.4215667,150.8326833,37876.59377,37876.17711,20030912,2003,9,12,255,0.1771065,4.25,38.93,0.3832142,2,1.973175,0.053738,0.0184086,2.919172,0.6953279,0.7204632,-0.0171654,0.0733513,0.0403247,-0.0121405,0.02153,0.573856,1.243758,0.0173104,-999,0.4,0.18,0.41,21.55,0
200309,MD03,MD_11D,-16.40465,145.431717,37893.54861,37893.13194,20030929,2003,9,29,272,0.1319444,3.1666667,35.17,0.3075303,1.7,1.6784729,0.0877276,0.0286373,3.0634043,1.1166186,0.8264825,-0.0113103,0.0743752,0.0251166,-0.0123296,0.0090324,0.890501,0.3892941,0.0234,-999,0.2962837,0.2165232,0.4871931,16.3839963,0
200309,MD03,MD_12D,-16.43055,145.425417,37893.73958,37893.32292,20030929,2003,9,29,272,0.3229167,7.75,35.21,0.2583661,17.7,17.6819144,0.0813526,0.0225126,3.6136522,0.8108134,0.7736111,-0.0162427,0.0690359,0.0037276,-0.0126781,0.001344,0.976411,0.0517571,0.0254,-999,0.2357649,0.1448152,0.61942,13.1317395,0
200309,MD03,MD_13D,-16.2853,145.423667,37894.56389,37894.14722,20030930,2003,9,30,273,0.1472222,3.5333333,31.73,0.286941,2.5,2.4799141,0.0938178,0.0238538,3.933028,1.051874,0.8185456,-0.0135154,0.0781487,0.0237202,-0.0130234,0.0091848,0.949752,0.39352,0.0231,-999,0.1131398,0.1007818,0.7860784,6.946977,0
200309,MD03,MD_14D,-16.311383,145.45475,37894.625,37894.20833,20030930,2003,9,30,273,0.2083333,5,34.98,0.3236291,1.7,1.677346,-999,-999,-999,-999,-999,-0.0173417,0.0595953,-999,-999,0.0085735,0.932462,0.3896471,0.0227,-999,-999,-999,-999,-999,4
200309,MD03,MD_15D,-16.358783,145.47235,37894.44792,37894.03125,20030930,2003,9,30,273,0.03125,0.75,35.08,0.1453214,0.9,0.8898275,-999,-999,-999,-999,-999,-0.0143822,0.040406,0.0266463,-0.011517,0.0079922,0.839274,0.3643333,0.0247,-999,0.1438591,0.1711184,0.6850225,8.7335694,1
200309,MD03,MD_16D,-16.07015,145.4719,37895.37153,37894.95486,20030930,2003,9,30,273,0.9548611,22.9166667,34.97,0.5649696,2.3,2.2604521,0.0903103,0.0239484,3.7710438,0.5723609,0.6840051,-0.0179739,0.0608634,0.0314699,-0.0118411,0.010953,0.942971,0.486,0.0238,-999,0.1685419,0.1399847,0.6914734,9.8184912,0
200309,MD03,MD_17D,-16.0709,145.506283,37895.52986,37895.11319,20031001,2003,10,1,274,0.1131944,2.7166667,-999,0.6968423,1.6,1.551221,-999,-999,-999,-999,-999,-0.0187407,0.0503357,0.036244,-0.0114989,0.0128244,0.885714,0.520125,0.023,-999,0.2190455,0.1931076,0.5878469,12.5056588,1
200309,MD03,MD_1D,-16.110983,145.647967,37895.71528,37895.29861,20031001,2003,10,1,274,0.2986111,7.1666667,34.78,0.4831722,3.9,3.8661779,0.0772274,0.0212261,3.6383204,0.7520611,0.7566918,-0.0111918,0.0866769,0.0221742,-0.0126172,0.0095997,0.83284,0.3520256,0.027,-999,0.1763661,0.2093885,0.6142454,10.4794926,0
200309,MD03,MD_2D,-16.421317,145.4463,37896.50347,37896.08681,20031002,2003,10,2,275,0.0868056,2.0833333,36.35,0.3232967,2.2,2.1773692,0.0783554,0.0200979,3.8986874,0.8894433,0.8610458,-999,-999,0.016747,-0.0132321,0.0068905,0.949985,0.2905,0.0232,-999,0.2018922,0.2392424,0.5588654,11.8496897,2
200309,MD03,MD_4D,-16.42685,145.502367,37896.55556,37896.13889,20031002,2003,10,2,275,0.1388889,3.3333333,36.33,0.3123253,1.5,1.4781372,0.067265,0.0261211,2.575119,0.4240781,0.5747137,-0.009798,0.0782799,0.0054754,-0.0106804,0.0055287,0.682113,0.1904,0.0285,-999,0.1261104,0.282738,0.5911516,8.3103638,0
200309,MD03,MD_7D,-16.538333,145.4975,37897.58333,37897.16667,20031003,2003,10,3,276,0.1666667,4,35.23,1.3561417,4.9,4.8050701,0.0799911,0.0244545,3.2710123,0.6693338,0.7725946,-0.0171146,0.3751227,0.0401251,-0.0118975,0.0084269,0.773533,0.3700204,0.0225,-999,0.447612,0.0223902,0.5299979,23.0225472,0
200309,MD03,MD_9D,-16.5405,145.543333,37897.40278,37896.98611,20031002,2003,10,2,275,0.9861111,23.6666667,35.07,0.2831038,2.1,2.0801827,0.1031778,0.0243032,4.2454381,1.1635723,0.896527,-0.0151942,0.0713517,0.025133,-0.0121147,0.0085676,0.818491,0.3751905,0.022,-999,0.2313117,0.1577904,0.6108978,12.9654362,0
200403,MD04,MD_10W,-16.266667,145.5,38077.64583,38077.22917,20040331,2004,3,31,91,0.2291667,5.5,31.3,0.8394217,2.1111111,2.0523516,0.0960714,0.0274869,3.4951737,1.0027101,0.9276457,-0.0165106,0.265114,0.1138688,-0.0134185,0.0210283,1.082466,0.9869211,0.0204,-999,0.4203107,0.152609,0.4270803,22.2056584,0
200403,MD04,MD_10W2,-16.31247,145.4715,38077.53125,38077.11458,20040331,2004,3,31,91,0.1145833,2.75,28.72,5.925508,20,19.5852144,0.0207924,0.0107849,1.92791,0.7015473,0.7751924,-0.0166645,0.800057,0.027474,-0.0146833,0.0070237,0.309871,0.17518,0.038,-999,0.2981258,0.5554118,0.1464624,17.8298093,0
200403,MD04,MD_15W,-16.426517,145.5016,38077.39583,38076.97917,20040330,2004,3,30,90,0.9791667,23.5,32.1,0.5100267,2.1111111,2.0754092,0.0673131,0.026025,2.5864811,0.6488878,0.732452,-0.0171004,0.1100509,0.0266682,-0.0116964,0.0074657,1.173946,0.3308684,0.0224,-999,0.3486028,0.1891875,0.4622097,18.8382855,0
200403,MD04,MD_2W,-16.06957,145.50668,38078.40417,38077.9875,20040331,2004,3,31,91,0.9875,23.7,32.92,0.4234766,13.1777778,13.1481344,0.0791913,0.024817,3.1910038,0.7378118,0.7597172,-0.0146115,0.0982705,0.0021726,-0.0118132,0.0008621,1.06809,0.0394528,0.0196,-999,0.1951367,0.2422456,0.5626177,11.5306789,0
200403,MD04,MD_3W,-16.10886,145.62262,38078.53472,38078.11806,20040401,2004,4,1,92,0.1180556,2.8333333,34.36,0.4068645,1,0.9715195,0.0869931,0.0334616,2.5997894,0.6860355,0.7561149,-0.0142703,0.0559203,0.0104838,-0.0103304,0.007731,1.015674,0.2398,0.0357,-999,0.4307248,0.2868519,0.2824233,23.252921,0
200403,MD04,MD_5W,-16.199883,145.475867,38079.40972,38078.99306,20040401,2004,4,1,92,0.9930556,23.8333333,32.51,0.5703479,19.3513514,19.311427,0.0775137,0.0202735,3.8234046,0.8751659,0.8887141,-0.0180408,0.0904627,0.0086478,-0.0132061,0.0029584,1.119645,0.1456487,0.0202,-999,0.3377474,0.1164606,0.545792,18.0154654,0
200403,MD04,MD_6W,-16.31247,145.4715,38080.46528,38080.04861,20040403,2004,4,3,94,0.0486111,1.1666667,-999,0.4059985,1.8,1.7715801,0.1008194,0.0302276,3.3353374,0.8816746,0.8057352,-0.0173482,0.12723,0.0277454,-0.0124067,0.0092489,1.13772,1.1823889,0.0185,-999,0.2252305,0.1863929,0.5883766,12.7818677,0
200403,MD04,MD_8W,-16.282733,145.453667,38081.36458,38080.94792,20040403,2004,4,3,94,0.9479167,22.75,-999,5.5704438,22.265625,21.8756939,0.0520623,0.0142827,3.6451392,1.1718645,1.0249127,-0.0159861,0.4258771,0.1211165,-0.0136106,0.0530616,0.679256,1.2595155,0.0404,-999,0.6365879,0.1455129,0.2178991,32.7748595,0
200408,FK04,FK2_2,-23.3061,150.8523833,38214.45833,38214.04167,20040815,2004,8,15,228,0.0416667,1,36.47,0.1907155,0.49,0.4766499,0.0692717,0.022884,3.0270791,0.668537,0.703684,-0.0102026,0.0850359,0.0566953,-0.0116026,0.0153265,0.902111,0.6479592,0.0235107,-999,0.48506,0.14181,0.37312,25.33537,0
200408,FK04,FK2_4,-23.3061,150.8523833,38214.5625,38214.14583,20040815,2004,8,15,228,0.1458333,3.5,36.47,0.1732591,0.89,0.8778719,0.0632728,0.020433,3.0965929,0.6369085,0.6758205,-0.0217442,0.0187668,0.0426335,-0.0118821,0.014386,0.9222795,0.6664045,0.0215174,-999,0.41383,0.11403,0.47214,21.73382,0
200408,FK04,FK2_6,-23.3061,150.8523833,38214.64583,38214.22917,20040815,2004,8,15,228,0.2291667,5.5,36.55,0.1854239,0.89,0.8770203,0.0654482,0.0211988,3.0873501,0.6861821,0.7104125,-0.0169755,0.030389,0.047453,-0.0117242,0.0146961,0.855203,0.6806742,0.0215219,-999,0.42652,0.1174,0.45608,22.36914,0
200408,FK04,FK2_8,-23.3061,150.8523833,38214.72917,38214.3125,20040815,2004,8,15,228,0.3125,7.5,36.45,0.2029899,0.89,0.8761755,0.0750907,0.0227525,3.3003256,0.7394365,0.7256044,-0.0191581,0.0179586,0.0427211,-0.0118237,0.0126288,0.868477,0.6207865,0.0202726,-999,0.49031,0.10876,0.40093,25.46021,0
200408,FK04,FK2_10,-23.3061,150.8523833,38214.8125,38214.39583,20040815,2004,8,15,228,0.3958333,9.5,36.48,0.1787759,0.99,0.9774857,0.0823158,0.0262449,3.1364486,0.6991779,0.7148119,-0.0183649,0.0232781,0.0242799,-0.01131,0.0071152,0.8739353,0.3148485,0.0224597,-999,0.45555,0.12011,0.42434,23.80234,0
200408,FK04,FK2_13,-23.41685,150.8419,38215.39583,38214.97917,20040815,2004,8,15,228,0.9791667,23.5,36.84,0.202328,4.13,4.115837,0.0654705,0.0228615,2.8637848,0.53929,0.7123402,-0.0148475,0.0626575,0.0163601,-0.0118622,0.0050465,0.832911,0.2428571,0.0207398,-999,0.42034,0.13548,0.44418,22.13879,0
200408,FK04,FK2_15,-23.41685,150.8419,38215.46875,38215.05208,20040816,2004,8,16,229,0.0520833,1.25,36.84,0.1841022,0.99,0.9771128,0.0597817,0.0208363,2.8691106,0.6181338,0.659179,-0.0192743,0.0334923,0.062891,-0.012169,0.019248,0.808868,1.0672727,0.0180019,-999,0.38349,0.12968,0.48683,20.30961,0
200408,FK04,FK2_17,-23.41685,150.8419,38215.5625,38215.14583,20040816,2004,8,16,229,0.1458333,3.5,37,0.1731504,0.99,0.9778795,0.0724622,0.0236061,3.069633,0.7328892,0.7425036,-0.017221,0.0430676,0.0446165,-0.0118082,0.0152389,0.8408838,0.8473737,0.0179424,-999,0.36415,0.12182,0.51403,19.33048,0
200408,FK04,FK2_19,-23.41685,150.8419,38215.625,38215.20833,20040816,2004,8,16,229,0.2083333,5,37.02,0.2072238,1.99,1.9754943,0.0740745,0.0228934,3.2356284,0.8732837,0.8582489,-0.0135769,0.0800327,0.0403952,-0.0121062,0.0128198,0.891424,0.6701508,0.0191022,-999,0.41928,0.12457,0.45615,22.04287,0
200408,FK04,FK2_21,-23.41685,150.8419,38215.70833,38215.29167,20040816,2004,8,16,229,0.2916667,7,37,0.3066238,4.79,4.7707293,0.0679793,0.0176556,3.8502882,1.2517024,1.023199,-0.0160715,0.0537222,0.0426727,-0.0146384,0.0142334,0.91745,0.62,0.0229422,-999,0.64965,0.11264,0.2377,33.28361,0
200408,FK04,FK2_23,-23.41685,150.8419,38215.79167,38215.375,20040816,2004,8,16,229,0.375,9,36.92,0.1763944,1.29,1.2776524,0.0624257,0.0231898,2.6919401,0.5930206,0.6788489,-0.0192415,0.0379852,0.0437845,-0.0118198,0.0145097,0.8579295,0.7684496,0.0188451,-999,0.41778,0.11628,0.46594,21.93622,0
200408,FK04,FK2_25,-23.41685,150.8419,38215.875,38215.45833,20040816,2004,8,16,229,0.4583333,11,36.79,0.1808652,3.49,3.4773394,0.0933257,0.0256711,3.6354408,0.8234903,0.8238426,-0.0197686,0.0332371,0.0257302,-0.0122641,0.0074831,0.868276,0.4027794,0.0185532,-999,0.40629,0.11717,0.47654,21.37711,0
200408,FK04,FK2_26,-23.4178667,151.0126,38216.375,38215.95833,20040816,2004,8,16,229,0.9583333,23,36.21,0.573021,5.49,5.4513432,0.0490243,0.01748,2.8045871,1.0161427,0.860673,-0.0204058,0.0252373,0.0271773,-0.0140111,0.0137368,0.5369,0.556776,0.0246565,-999,0.61563,0.14165,0.24272,31.73244,0
200408,FK04,FK2_28,-23.4178667,151.0126,38216.45833,38216.04167,20040817,2004,8,17,230,0.0416667,1,36.21,0.5589256,4.99,4.9508752,0.0469157,0.0165271,2.8387139,1.0478963,0.8728203,-0.0183551,0.0308736,0.0265765,-0.0132246,0.0095834,0.820261,0.5123848,0.0186894,-999,0.58689,0.14568,0.26743,30.34055,0
200408,FK04,FK2_30,-23.4178667,151.0126,38216.54167,38216.125,20040817,2004,8,17,230,0.125,3,36.32,0.6817127,12.09,12.0422801,0.0498426,0.0142463,3.498632,0.9706,0.934162,-0.0180944,0.0426528,0.0271458,-0.0147557,0.0128294,0.606489,0.4144748,0.0309414,-999,0.67142,0.09495,0.23363,34.27949,0
200408,FK04,FK2_32,-23.4178667,151.0126,38216.625,38216.20833,20040817,2004,8,17,230,0.2083333,5,36.38,0.7406339,18.99,18.9381556,-999,-999,-999,-999,-999,-0.0193847,0.0361521,0.0347672,-0.0143194,0.015101,0.707291,0.530911,0.0284381,-999,0.68665,0.09735,0.216,35.03513,1
200408,FK04,FK2_34,-23.4178667,151.0126,38216.70833,38216.29167,20040817,2004,8,17,230,0.2916667,7,36.33,0.7414818,8.39,8.3380963,0.0463658,0.0185779,2.495749,0.7478049,0.7118028,-0.0170311,0.041894,0.0287307,-0.0133438,0.0142107,0.730819,0.5547557,0.0256056,-999,0.65331,0.12383,0.22285,33.50764,0
200408,FK04,FK2_36,-23.4178667,151.0126,38216.79167,38216.375,20040817,2004,8,17,230,0.375,9,36.3,0.6410801,9.69,9.6451244,0.0624356,0.0178441,3.4989445,1.0050399,0.937306,-0.0199433,0.0291707,0.0288911,-0.0150823,0.0137529,0.664042,0.5845098,0.023521,-999,0.63432,0.12928,0.2364,32.59885,0
200408,FK04,FK2_38,-23.4178667,151.0126,38216.875,38216.45833,20040817,2004,8,17,230,0.4583333,11,36.15,0.4988059,5.89,5.8550836,0.0575465,0.0194191,2.9633973,0.8738413,0.8141428,-0.0185076,0.0226322,0.026784,-0.0123454,0.009001,0.67983,0.4466723,0.0201365,-999,0.61405,0.1545,0.23145,31.7064,0
200408,FK04,FK2_43,-23.3002167,150.8884,38218.42361,38218.00694,20040819,2004,8,19,232,0.0069444,0.1666667,-999,-999,-999,-999,-999,-999,-999,-999,-999,-999,-999,-999,-999,-999,-999,-999,-999,-999,-999,-999,-999,-999,10
200508,AA05,WQS001,-23.1488333,150.0645,38587.42708,38587.01042,20050823,2005,8,23,235,0.0104167,0.25,35.68,0.1614099,7.2,7.1887013,-999,-999,-999,-999,-999,-0.0161581,0.024422,0.0013574,-0.007892,-999,-999,-999,-999,-999,0.3504605,0.393123,0.2564165,19.7450556,3
200508,AA05,WQS002,-23.3255,150.936,38587.50694,38587.09028,20050823,2005,8,23,235,0.0902778,2.1666667,35.88,0.5235845,10.6,10.5633491,0.073181,0.0241163,3.0345032,0.6527895,0.8990829,-0.0131316,0.069984,0.0183873,-0.0126793,-999,-999,-999,-999,-999,0.4494416,0.1645181,0.3860403,23.6807097,2
200508,AA05,WQS003,-23.3853333,150.9056667,38587.5625,38587.14583,20050823,2005,8,23,235,0.1458333,3.5,36.05,0.8240718,16.3,16.242315,-999,-999,-999,-999,-999,-0.0151886,0.0717916,0.0261801,-0.0149305,0.0078222,0.753265,0.2524172,0.0309747,-999,0.5711105,0.1245965,0.3042931,29.4827991,1
200508,AA05,WQS004,-23.2195,150.9783333,38588.33681,38587.92014,20050823,2005,8,23,235,0.9201389,22.0833333,35.73,0.1999144,3.1,3.086006,0.0656155,0.0259429,2.5292258,0.5790319,0.7329674,-0.0122744,0.0349774,0.0043681,-0.0090279,0.0015223,0.610548,0.0622581,0.0242088,-999,0.333096,0.3454786,0.3214253,18.703621,0
200508,AA05,WQS005,-23.2325,150.8731667,38588.39028,38587.97361,20050823,2005,8,23,235,0.9736111,23.3666667,35.94,0.193313,3.4,3.3864681,0.1142952,0.039716,2.8778119,0.5680385,0.7996551,-0.0130801,0.0568936,0.0149537,-0.0107619,0.0063806,0.524028,0.3447059,0.0184798,-999,0.2776224,0.1788517,0.5435259,15.3189061,0
200508,AA05,WQS006,-23.1095,150.7731667,38588.49583,38588.07917,20050824,2005,8,24,236,0.0791667,1.9,35.98,0.2203923,-999,-999,0.1073134,0.0330371,3.2482712,0.4589145,0.7823541,-0.0174563,0.0346326,-999,-999,-999,0.509584,0,0.0201841,-999,0.3226577,0.1318743,0.5454679,17.3377264,4
200508,AA05,WQS007,-23.14,150.958,38588.60417,38588.1875,20050824,2005,8,24,236,0.1875,4.5,35.72,0.1853646,6,5.9870245,0.0964721,0.0298467,3.2322564,0.7716056,0.8312019,-0.0096695,0.053484,0.0014838,-0.0120546,0.0005298,0.709853,0.0519667,0.010133,-999,0.323414,0.3104085,0.3661774,18.0889205,0
200508,AA05,WQS008,-23.1683333,150.9078333,38588.66944,38588.25278,20050824,2005,8,24,236,0.2527778,6.0666667,35.76,0.2266368,5.1,5.0841354,0.0934846,0.0302076,3.0947397,1.004143,0.8528594,-0.0120039,0.0403913,0.0028703,-0.0110319,0.0010433,0.785926,0.0768824,0.0135041,-999,0.3000812,0.305989,0.3939298,16.9279361,0
200508,AA05,WQS010,-20.5035,149.045,38590.41042,38589.99375,20050825,2005,8,25,237,0.99375,23.85,35.88,0.4534049,3.6,3.5698431,0.0673822,0.0246048,2.7385762,0.5709853,0.7065932,-0.010649,0.0725469,0.0137643,-0.012453,0.0074533,0.685834,0.3981944,0.0186927,-999,0.42,0.19,0.39,22.46,0
200508,AA05,WQS011,-20.4633333,149.0355,38590.50208,38590.08542,20050826,2005,8,26,238,0.0854167,2.05,35.93,0.3754153,3,2.9737209,0.0860027,0.0306001,2.8105311,0.8229377,0.7626273,-999,-999,0.0165648,-0.0122685,0.0094333,0.648203,0.3964667,0.023755,-999,0.35,0.21,0.44,19.09,2
200508,AA05,WQS012,-20.3305,148.844,38590.67153,38590.25486,20050826,2005,8,26,238,0.2548611,6.1166667,35.75,0.6132941,5,4.9596862,0.0701012,0.0254529,2.7541492,0.9176641,0.879415,-0.0123289,0.0786919,0.0084497,-0.0111355,0.0041108,0.6552,0.1965,0.0208791,-999,0.42,0.19,0.39,22.35,0
200508,AA05,WQS013,-20.3321667,148.9321667,38591.33472,38590.91806,20050826,2005,8,26,238,0.9180556,22.0333333,35.84,0.3218564,3.7,3.6774701,0.1301421,0.0360301,3.6120427,1.0782572,1.052856,-0.0103741,0.093284,0.0081499,-0.011792,0.0056381,0.855479,0.2443784,0.0230221,-999,0.42,0.19,0.39,22.42,0
200508,AA05,WQS014,-20.2925,148.797,38591.44236,38591.02569,20050827,2005,8,27,239,0.0256944,0.6166667,35.83,0.4856795,5.9,5.8672278,0.0596029,0.0235846,2.5271974,0.6194274,0.6404926,-0.0102004,0.097745,0.0069051,-0.0117695,0.0037829,0.689975,0.1657966,0.0227715,-999,0.4,0.2,0.4,21.22,0
200508,AA05,WQS015,-20.249,148.813,38591.50278,38591.08611,20050827,2005,8,27,239,0.0861111,2.0666667,35.78,0.5417409,5.9,5.8630042,0.074193,0.0295331,2.5121946,0.7193383,0.6784772,-0.010464,0.0646023,0.0056945,-0.0119232,0.0027632,0.600265,0.1276441,0.0215926,-999,0.38,0.21,0.42,20.33,0
200508,AA05,WQS016,-20.1485,148.8823333,38591.57986,38591.16319,20050827,2005,8,27,239,0.1631944,3.9166667,35.83,0.4899945,2.6,2.5681601,0.079049,0.0297463,2.6574385,0.7763371,0.7453467,-0.0098929,0.0707972,0.0152345,-0.0122899,0.0074362,0.594971,0.3608462,0.0205653,-999,0.44,0.19,0.37,23.48,0
200508,AA05,WQS017,-20.0981667,148.7135,38591.66458,38591.24792,20050827,2005,8,27,239,0.2479167,5.95,35.77,0.5168375,6.3,6.2649238,0.0732088,0.0290673,2.5185959,0.7249614,0.7347294,-0.0112745,0.0597951,0.0048732,-0.0122469,0.002953,0.6712,0.143746,0.0204996,-999,0.36,0.21,0.43,19.39,0
200508,AA05,WQS018,-20.0476667,148.4355,38591.37708,38590.96042,20050826,2005,8,26,238,0.9604167,23.05,35.74,0.3034471,6.9,6.8787587,0.0941328,0.0280818,3.3520992,0.9619566,0.8114793,-0.0077145,0.0972295,0.0063894,-0.0133672,0.0048872,0.603883,0.2154058,0.0226591,-999,0.32,0.18,0.5,17.42,0
200508,AA05,WQS020,-19.7248333,147.71,38592.60625,38592.18958,20050828,2005,8,28,240,0.1895833,4.55,35.86,0.5620881,7.9,7.8606538,0.069972,0.0226827,3.0848234,0.7511217,0.7942834,-999,-999,0.0187497,-0.0118662,0.0085996,0.650898,0.3912911,0.0219638,-999,0.42,0.11,0.47,22.08,2
200508,AA05,WQS022,-999,-999,-999,-999,-999,-999,-999,-999,-999,-999,-999,-999,1.5680354,25,24.8902375,0.0751578,0.0160563,4.6808743,0.7800266,0.8509835,-0.0130932,0.1461975,0.0440946,-0.0153029,0.0226036,0.646719,0.61606,0.0366861,-999,-999,-999,-999,-999,1
200509,AS05,WQN001,-16.1228333,145.4823333,38612.27778,38611.86111,20050916,2005,9,16,259,0.8611111,20.6666667,35.24,0.1712425,1.5,1.488013,-999,-999,-999,-999,-999,-0.0194797,0.020594,0.0191628,-0.0114849,-999,-999,0.4352643,-999,-999,0.2409862,0.23942,0.5195938,13.77,3
200509,AS05,WQN002,-16.2358333,145.5131667,38612.31597,38611.89931,20050916,2005,9,16,259,0.8993056,21.5833333,35.26,0.2070114,1.6,1.5855092,0.0929512,0.0291089,3.1932225,0.6074284,0.6876363,-0.0090606,0.1290317,0.014051,-0.0112102,-999,-999,0.2485239,-999,-999,0.1873168,0.2217419,0.5909413,11.07,2
200509,AS05,WQN003,-16.321,145.473,38612.36111,38611.94444,20050916,2005,9,16,259,0.9444444,22.6666667,35.31,0.2438578,1.7,1.68293,0.0952622,0.0296788,3.2097685,0.6410843,0.7082436,-0.016545,0.0204412,0.0235794,-0.0125186,-999,-999,0.3956133,-999,-999,0.2963426,0.2866113,0.4170461,16.67,2
200509,AS05,WQN004,-16.4093333,145.5093333,38612.40972,38611.99306,20050916,2005,9,16,259,0.9930556,23.8333333,35.33,0.1660172,2.5,2.4883788,0.0955605,0.0273289,3.496686,0.6223527,0.6924161,-0.0228759,0.0088271,0.0076353,-0.0123591,0.0029136,0.781598,0.13576,0.0213401,-999,0.187015,0.2301105,0.5828746,11.08,0
200509,AS05,WQN005,-16.6641667,145.7043333,38612.54514,38612.12847,20050917,2005,9,17,260,0.1284722,3.0833333,35.23,0.1366055,2.2,2.1904376,0.1985376,0.0544496,3.6462643,0.5521423,0.6633622,-0.0197264,0.0150814,0.01473,-0.0121993,-999,-999,0.169919,-999,-999,0.2290983,0.1962743,0.5746274,13.01,2
200509,AS05,WQN006,-16.798,145.746,38612.60069,38612.18403,20050917,2005,9,17,260,0.1840278,4.4166667,35.27,0.6843141,6.4,6.352098,-999,-999,-999,-999,-999,-0.0105069,0.0959731,0.0357788,-0.0135021,-999,-999,0.6021531,-999,-999,0.3819436,0.2006866,0.4173698,20.52,3
200509,AS05,WQN007,-16.8235,145.7893333,38612.62708,38612.21042,20050917,2005,9,17,260,0.2104167,5.05,35.14,0.3752735,5,4.9737309,0.1413123,0.0411607,3.4331892,0.8934118,0.8158805,-0.0145117,0.0546239,0.0418843,-0.0128637,0.0136124,0.745452,0.586,0.0232141,-999,0.3526447,0.1834746,0.4638806,19.01,0
200509,AS05,WQN009,-16.86,145.8365,38613.30208,38612.88542,20050917,2005,9,17,260,0.8854167,21.25,35.27,0.4828407,4.3,4.2662011,0.0557692,0.0207477,2.687969,0.5610222,0.6493059,-0.0097169,0.112396,0.0148732,-0.0122116,0.006574,0.663888,0.2916047,0.0225094,-999,0.3807642,0.1825473,0.4366886,20.39,0
200509,AS05,WQN010,-16.8195,145.8763333,38613.35069,38612.93403,20050917,2005,9,17,260,0.9340278,22.4166667,35.27,0.3098993,3,2.978307,0.0848922,0.028033,3.0282948,0.6707246,0.7125371,-0.0080159,0.191564,0.0186292,-0.0120894,-999,-999,0.3612228,-999,-999,0.3594497,0.199169,0.4413814,19.41,2
200509,AS05,WQN011,-16.7968333,145.9186667,38613.37639,38612.95972,20050917,2005,9,17,260,0.9597222,23.0333333,35.3,0.1740595,3.9,3.8878158,0.0713646,0.0276712,2.57902,0.6365758,0.6599669,-0.0086439,0.0906792,0.0038666,-0.0110541,-999,-999,0.0800814,-999,-999,0.2592649,0.4102745,0.3304605,15.35,2
200509,AS05,WQN013,-16.7323333,145.9708333,38613.4375,38613.02083,20050918,2005,9,18,261,0.0208333,0.5,35.29,0.1066352,2.7,2.6925355,0.0869378,0.0361438,2.4053338,0.6223503,0.6998189,-0.0148673,0.0241193,0.0010962,-0.0095948,0.0007707,1.33257,0.0375556,0.0201396,-999,0.1180989,0.4160147,0.4658865,8.45,0
200509,AS05,WQN014,-16.9266667,145.9726667,38613.54861,38613.13194,20050918,2005,9,18,261,0.1319444,3.1666667,35.24,0.1618656,2.6,2.5886694,0.0840376,0.0234028,3.5909169,0.5670625,0.6475684,-0.0108436,0.0630665,0.0051152,-0.0115487,0.0023231,0.677509,0.1196923,0.0192892,-999,0.2449071,0.2503563,0.5047367,14,0
200509,AS05,WQN015,-17.1495,145.998,38613.67361,38613.25694,20050918,2005,9,18,261,0.2569444,6.1666667,35.24,0.182321,2.6,2.5872375,0.0874716,0.0268507,3.2576969,0.5470172,0.6572099,-0.0116322,0.06331,0.0097509,-0.0118621,0.0035077,0.706503,0.1617308,0.0215894,-999,0.2656131,0.213613,0.520774,14.87,0
200509,AS05,WQN017,-17.2271667,146.0885,38613.76389,38613.34722,20050918,2005,9,18,261,0.3472222,8.3333333,35.31,0.1772379,2.5,2.4875933,0.0956125,0.0294437,3.2473028,0.6192588,0.7399622,-0.0098788,0.0993608,0.0088751,-0.0116048,0.0033732,0.652643,0.14608,0.0229701,-999,0.2620762,0.2269569,0.5109669,14.75,0
200509,AS05,WQN018,-17.7325,146.1638333,38614.36806,38613.95139,20050918,2005,9,18,261,0.9513889,22.8333333,35.29,0.2516872,3,2.9823819,0.0924502,0.0280582,3.2949448,0.5874108,0.6798551,-999,-999,0.0126801,-0.011342,-999,-999,0.2696913,-999,-999,0.27,0.21,0.51,15.29,4
200509,AS05,WQN019,-17.7636667,146.1636667,38614.39583,38613.97917,20050918,2005,9,18,261,0.9791667,23.5,35.24,0.3137172,1.8,1.7780398,0.0827579,0.0256545,3.2258668,0.575344,0.6898307,-999,-999,0.0199663,-0.0111119,-999,-999,0.3769151,-999,-999,0.24,0.17,0.59,13.31,4
200509,AS05,WQN020,-17.9133333,146.1473333,38614.44097,38614.02431,20050919,2005,9,19,262,0.0243056,0.5833333,35.34,0.2115725,2.6,2.5851899,0.1215342,0.0311867,3.8969853,0.647131,0.7243267,-0.0093442,0.0852687,0.0167109,-0.0118568,0.0056585,0.647289,0.2781923,0.020286,-999,0.25,0.13,0.63,13.65,0
200509,AS05,WQN021,-17.9308333,146.123,38614.50208,38614.08542,20050919,2005,9,19,262,0.0854167,2.05,35.31,0.3110318,3.4,3.3782278,-999,-999,-999,-999,-999,-0.0088785,0.1065727,0.0185507,-0.0115494,-999,-999,-999,-999,-999,0.23,0.16,0.61,12.79395,3
200509,AS05,WQN022,-18.0163333,146.1588333,38614.54167,38614.125,20050919,2005,9,19,262,0.125,3,35.28,0.3333561,3,2.9774818,0.0701207,0.0210583,3.3298302,0.6798798,0.6947483,-0.0175462,0.0454328,0.0222038,-0.0121399,0.0074597,0.731333,0.3944333,0.0188816,-999,0.2,0.09,0.71,11.0472094,0
200509,AS05,WQN022R,-18.0163333,146.1588333,38614.54167,38614.125,20050919,2005,9,19,262,0.125,3,35.28,0.3105452,3.1,3.0782618,-999,-999,-999,-999,-999,-0.0147542,0.0817871,0.0200658,-0.0120664,-999,-999,-999,-999,-999,0.18,0.08,0.74,10.1934852,3
200509,AS05,WQN023,-18.5561667,146.4865,38615.25,38614.83333,20050919,2005,9,19,262,0.8333333,20,35.4,0.2944379,3.1,3.0793893,0.0760403,0.0266693,2.8512335,0.5541986,0.6663128,-0.0155304,0.0409486,0.0121414,-0.0115257,-999,-999,0.2423831,-999,-999,0.28,0.24,0.49,15.4337656,2
200509,AS05,WQN024,-18.6563333,146.4791667,38615.29931,38614.88264,20050919,2005,9,19,262,0.8826389,21.1833333,35.38,0.3066762,3.1,3.0785327,0.0893006,0.0290322,3.075911,0.6911461,0.7056112,-0.0105821,0.0825799,0.0165162,-0.0115072,-999,-999,0.2834073,-999,-999,0.25,0.19,0.55,14.0879017,2
200509,AS05,WQN025,-18.6915,146.3441667,38615.34931,38614.93264,20050919,2005,9,19,262,0.9326389,22.3833333,35.31,0.2914341,3.6,3.5795996,0.0734276,0.0210677,3.4853084,0.8545307,0.8415903,-0.0204427,0.0291484,0.0228661,-0.0116454,-999,-999,0.3836295,-999,-999,0.29,0.12,0.59,15.642995,2
200509,AS05,WQN026,-999,-999,-999,-999,-999,-999,-999,-999,-999,-999,-999,-999,0.3444341,2.8,2.7766469,0.0713413,0.022391,3.1861534,0.5865077,0.6795111,-0.0336184,0.0041973,0.0188486,-0.0115314,0.0063504,0.664907,0.3198929,0.0198089,-999,0.32,0.15,0.53,17.3348529,0
200509,AS05,WQN027,-18.839,146.5241667,38615.47778,38615.06111,20050920,2005,9,20,263,0.0611111,1.4666667,35.45,0.3297182,3.2,3.1769197,0.1061566,0.028787,3.6876521,0.8941013,0.8709754,-0.0104062,0.0696049,0.0154567,-0.0117723,-999,-999,0.2646614,-999,-999,0.27,0.15,0.59,14.6834678,2
200509,AS05,WQN028,-19.0056667,146.6523333,38615.54514,38615.12847,20050920,2005,9,20,263,0.1284722,3.0833333,35.76,0.3562379,3.5,3.4750633,0.0743787,0.0215726,3.4478364,0.749604,0.767775,-0.0172623,0.0259664,0.0213805,-0.0119484,0.0086394,0.674154,0.4223714,0.0204279,-999,0.22,0.13,0.64,12.3832434,0
200509,AS05,WQN029,-19.191,146.8116667,38615.65972,38615.24306,20050920,2005,9,20,263,0.2430556,5.8333333,36.31,0.647736,5.5,5.4546585,0.0961504,0.0231338,4.1562667,1.6324748,1.2278733,-0.0222012,0.0356738,0.0392434,-0.0116221,-999,-999,0.6354435,-999,-999,0.41,0.09,0.5,21.3525643,2
200509,AS05,WQN030,-19.1906667,146.835,38616.33681,38615.92014,20050920,2005,9,20,263,0.9201389,22.0833333,35.98,0.457057,3.1,3.068006,0.0541546,0.0243669,2.2224662,0.6135614,0.6561658,-0.0146398,0.0773921,0.0216271,-0.0107931,-999,-999,0.3617414,-999,-999,0.36,0.1,0.53,19.2291159,2
200509,AS05,WQN031,-19.1611667,146.8688333,38616.36667,38615.95,20050920,2005,9,20,263,0.95,22.8,35.94,0.4711839,4.3,4.2670171,0.1328041,0.0319861,4.1519351,1.3343894,1.152432,-0.0191829,0.0321538,0.0234085,-0.0108429,-999,-999,0.387913,-999,-999,0.33,0.09,0.58,17.5008513,2
200509,AS05,WQN032,-19.1903333,146.9138333,38616.39583,38615.97917,20050920,2005,9,20,263,0.9791667,23.5,35.71,0.2768315,2.5,2.4806218,0.133308,0.032339,4.1222072,0.9377326,0.9080201,-0.0159445,0.0544373,0.0168338,-0.0117805,0.0069848,0.582762,0.33188,0.0209973,-999,0.24,0.12,0.64,13.0662013,0
200509,AS05,WQN033,-19.0793333,146.8951667,38616.57292,38616.15625,20050921,2005,9,21,264,0.15625,3.75,35.64,0.2316143,2.5,2.48443,0.1030212,0.0234777,4.3880529,0.9444633,0.8769689,-0.0147753,0.0332181,0.0109108,-0.0116762,0.0043416,0.589052,0.21984,0.0196798,-999,0.22,0.13,0.64,12.4957705,0
200509,AS05,WQN034,-19.1083333,146.8598333,38616.64236,38616.22569,20050921,2005,9,21,264,0.2256944,5.4166667,35.93,0.278653,4.8,4.7804943,0.1254988,0.0312957,4.0101032,0.957897,0.9040354,-0.0317689,0.0070698,0.0187285,-0.0111286,0.0115935,0.695873,0.4841667,0.0239255,-999,0.24,0.1,0.67,13.0573736,0
200610,AO06,WQN083,-19.16,146.8683333,39017.45833,39017.04167,20061027,2006,10,27,300,0.0416667,1,35.72,0.6397643,42.3,42.2552165,0.0804666,0.0252594,3.1856031,0.792942,0.768136,-0.0202185,0.0829895,0.004413,-0.0127665,-999,-999,-999,-999,-999,0.3727913,0.1900545,0.4371542,20.0269909,2
200610,AO06,WQN084,-19.19,146.81,39017.54861,39017.13194,20061027,2006,10,27,300,0.1319444,3.1666667,35.71,0.7494781,7.9,7.8475365,0.0851297,0.0261535,3.2550044,0.8324053,0.7912104,-0.0162548,0.0819681,0.0293792,-0.012431,-999,-999,-999,-999,-999,0.3239348,0.1621834,0.5138818,17.521538,2
200610,AO06,WQN085,-19.0066667,146.6516667,39017.6875,39017.27083,20061027,2006,10,27,300,0.2708333,6.5,35.44,0.1561467,3.8,3.7890697,0.1179404,0.0303712,3.8832958,0.6116124,0.6583455,-0.0094118,0.0638658,0.0165114,-0.0118549,-999,-999,-999,-999,-999,0.3250044,0.2652517,0.4097439,17.9862217,2
200610,AO06,WQN086,-18.8383333,146.5233333,39017.78333,39017.36667,20061027,2006,10,27,300,0.3666667,8.8,35.4,0.1811956,2.4,2.3873163,0.1577321,0.0385415,4.0925293,0.590504,0.6720603,-0.0088655,0.0693623,0.0173129,-0.0113811,-999,-999,-999,-999,-999,0.2762267,0.240004,0.4837693,15.4951259,2
200610,AO06,WQN087,-18.8,146.4316667,39018.35417,39017.9375,20061027,2006,10,27,300,0.9375,22.5,35.52,0.1667467,18.5,18.4883277,0.1126505,0.031185,3.6123252,0.6137012,0.7083848,-0.0105749,0.0625518,0.002947,-0.0119562,-999,-999,-999,-999,-999,0.2190457,0.2153054,0.5656489,12.5944592,2
200610,AO06,WQN088,-18.6924333,146.3431833,39018.4375,39018.02083,20061028,2006,10,28,301,0.0208333,0.5,35.78,0.3410419,21.4,21.3761271,0.1070551,0.0272571,3.9276016,0.8172047,0.809944,-0.0157676,0.05007,0.0060992,-0.0136416,-999,-999,-999,-999,-999,0.1757604,0.0682854,0.7559542,9.8854011,2
200610,AO06,WQN089,-18.5558333,146.4861667,39018.5,39018.08333,20061028,2006,10,28,301,0.0833333,2,35.37,0.2579612,22.9,22.8819427,0.0782348,0.0200971,3.8928404,0.6708739,0.7478073,-0.0145985,0.085949,0.0008849,-0.0119572,-999,-999,-999,-999,-999,0.2345872,0.2671794,0.4982334,13.5634924,2
200610,AO06,WQN095,-18.0733333,146.09,39018.72,39018.30333,20061028,2006,10,28,301,0.3033333,7.2666667,34.78,0.4007736,1.4,1.3719458,0.0864535,0.023125,3.7385209,0.8285156,0.8505002,-0.0119157,0.0973366,0.039193,-0.0117782,-999,-999,-999,-999,-999,0.2248094,0.1122333,0.6629573,12.4645953,2
200610,AO06,WQN098,-17.67,146.175,39019.35417,39018.9375,20061028,2006,10,28,301,0.9375,22.5,35.46,0.5071401,2.3,2.2645002,0.0950137,0.0283415,3.3524642,0.9995415,0.9503261,-0.0128162,0.0727902,0.036419,-0.0114972,-999,-999,-999,-999,-999,0.3470029,0.2067981,0.4461991,18.8303323,2
200610,AO06,WQN099,-17.4283333,146.1316667,39019.4375,39019.02083,20061029,2006,10,29,302,0.0208333,0.5,35.27,0.3813523,3.8,3.7733053,0.0826366,0.0221883,3.7243361,0.8950382,0.8458877,-0.0380305,0.5827863,0.0243553,-0.0129388,-999,-999,-999,-999,-999,0.2885124,0.1182384,0.5932492,15.6100609,2
200610,AO06,WQN100,-17.2266667,146.0883333,39019.53472,39019.11806,20061029,2006,10,29,302,0.1180556,2.8333333,35.23,0.1784931,2.7,2.6875055,0.1110687,0.02994,3.7097049,0.7794017,0.8114548,-0.042984,0.0260886,0.0098581,-0.0114357,-999,-999,-999,-999,-999,0.3345851,0.2233072,0.4421078,18.2878964,2
200610,AO06,WQN101,-17.21,146.065,39019.59722,39019.18056,20061029,2006,10,29,302,0.1805556,4.3333333,35.18,0.1885031,0.8,0.7868048,0.0977524,0.0226927,4.3076677,0.8682292,0.8245474,-0.0088202,0.0950414,0.0479599,-0.0125942,-999,-999,-999,-999,-999,0.1886025,0.1471577,0.6642399,10.8301513,2
200610,AO06,WQN103,-16.9433333,145.99,39019.70486,39019.28819,20061029,2006,10,29,302,0.2881944,6.9166667,35.28,0.166879,2,1.9883185,0.1090899,0.0326017,3.3461385,0.8097857,0.7934313,-0.0091184,0.0851551,0.0086329,-0.0120439,-999,-999,-999,-999,-999,0.2900728,0.2361822,0.4737451,16.1582935,2
200610,AO06,WQN108,-16.8483333,145.8366667,39020.41319,39019.99653,20061029,2006,10,29,302,0.9965278,23.9166667,35.24,0.3442136,5.4,5.375905,0.1007942,0.0267807,3.7636907,0.900116,0.8686071,-0.0145985,0.085949,0.0284095,-0.0137536,0.0092457,0.827355,-999,0.019509,-999,0.2840975,0.1041492,0.6117533,15.3373745,0
200610,AO06,WQN109,-16.8233333,145.7883333,39020.47222,39020.05556,20061030,2006,10,30,303,0.0555556,1.3333333,35.21,0.4117379,24.1,24.0711783,0.0880017,0.0233489,3.7689834,0.8937275,0.8315153,-0.0119157,0.0973366,0.0055073,-0.013562,-999,-999,-999,-999,-999,0.2897047,0.1348775,0.5754178,15.7350409,2
200610,AO06,WQN111,-16.6633333,145.7033333,39020.53472,39020.11806,20061030,2006,10,30,303,0.1180556,2.8333333,35.29,0.1985241,2.5,2.4861033,0.1018708,0.0226531,4.4969978,0.9874272,0.8736368,-0.0128162,0.0727902,0.022016,-0.0131926,0.0075184,0.797323,-999,0.015296,-999,0.1750057,0.1128529,0.7121414,10.0266897,0
200610,AO06,WQN111-T,-16.6633333,145.7033333,39020.53472,39020.11806,20061030,2006,10,30,303,0.1180556,2.8333333,35.29,205.1069446,-999,-999,-999,-999,-999,-999,-999,-0.0380305,0.5827863,-999,-0.0057496,-999,0.865887,-999,0.013745,-999,0.0251093,0,0.9748907,2.2303576,4
200610,AO06,WQN115,-16.235,145.5116667,39020.77,39020.35333,20061030,2006,10,30,303,0.3533333,8.4666667,35.27,0.1650619,1.1,1.0884457,0.104981,0.0228862,4.5870919,0.7695475,0.7931504,-0.042984,0.0260886,0.0269652,-0.0131633,-999,-999,-999,-999,-999,0.1365998,0.1162495,0.7471507,8.158387,2
200610,AO06,WQN118,-14.5716667,145.32,39021.45,39021.03333,20061031,2006,10,31,304,0.0333333,0.8,35.18,0.1422953,3.8,3.7900393,0.132869,0.0408657,3.2513564,0.6679136,0.702971,-0.0088202,0.0950414,0.0009896,-0.0128387,0.0033416,2.206808,-999,0.025249,-999,0.2941489,0.2771676,0.4286835,16.5219677,0
200610,AO06,WQN119,-14.4266667,144.7266667,39021.65,39021.23333,20061031,2006,10,31,304,0.2333333,5.6,35.37,0.2250775,2.6,2.5842446,0.0920338,0.0250451,3.6747193,0.7257111,0.7361385,-0.0091184,0.0851551,0.0071321,-0.0121024,0.0041162,0.798387,-999,0.017077,-999,0.2125027,0.1037491,0.6837482,11.8276295,0
200610,AO06,WQN120,-14.165,143.8616667,39022.4375,39022.02083,20061101,2006,11,1,305,0.0208333,0.5,35.37,0.2065137,12.9,12.885544,0.1046433,0.0343209,3.0489709,0.8702174,0.7719729,-0.0373247,0.0098349,0.0016456,-0.0123884,0.0012109,0.921874,-999,0.028142,-999,0.2971051,0.2088052,0.4940897,16.3933709,0
200610,AO06,WQN121,-13.7893333,143.6758333,39022.62986,39022.21319,20061101,2006,11,1,305,0.2131944,5.1166667,35.31,0.2848919,2.5,2.4800576,0.0749385,0.0212495,3.5265949,0.679867,0.6915258,-0.0173967,0.0247304,0.0085824,-0.0132817,0.0110728,0.80907,-999,0.037763,-999,0.2633133,0.1918894,0.5447973,14.6699086,0
200610,AO06,WQN122,-11.9233333,143.2416667,39023.45833,39023.04167,20061102,2006,11,2,306,0.0416667,1,35.53,0.2673998,10.8,10.781282,0.0962488,0.030442,3.1617117,0.5811922,0.6829845,-0.0239581,0.0423305,0.0020461,-0.0152582,-999,-999,-999,-999,-999,0.1855457,0.3180441,0.4964102,11.3639147,2
200610,AO06,WQN123,-11.7683333,143.7033333,39023.62847,39023.21181,20061102,2006,11,2,306,0.2118056,5.0833333,35.29,0.3138461,2.2,2.1780308,0.1126803,0.0323896,3.478899,0.5404247,0.6775225,-0.0157731,0.0702134,0.001971,-0.0095412,-999,-999,-999,-999,-999,0.1887311,0.4383691,0.3728997,12.0013014,2
200610,AO06,WQN124,-11.5883333,144.0116667,39024.41667,39024,20061103,2006,11,3,307,0,0,35.16,0.2092246,2.1,2.0853543,0.1286404,0.0346583,3.711678,0.5790578,0.6837859,-0.0445719,0.0063625,0.0011274,-0.0095584,-999,-999,-999,-999,-999,0.0942162,0.2775216,0.6282621,6.7266819,2
200610,AO06,WQN125,-11.5633333,144.1333333,39024.55208,39024.13542,20061103,2006,11,3,307,0.1354167,3.25,35.14,0.1531467,1.2,1.1892797,0.1520823,0.0351736,4.3237586,0.5041881,0.6435909,-0.0068,0.0413558,0.0020184,-0.0098514,-999,-999,-999,-999,-999,0.0845683,0.2290371,0.6863946,6.0599959,2
200610,AO06,WQN126,-11.6083333,143.98,39024.64583,39024.22917,20061103,2006,11,3,307,0.2291667,5.5,35.14,0.1839296,1.3,1.2871249,0.1434758,0.0334214,4.2929358,0.4682931,0.6095203,-0.0087389,0.047322,0.0018028,-0.0092324,-999,-999,-999,-999,-999,0.075535,0.2533833,0.6710818,5.7147462,2
200610,AO06,WQN129,-11.865,143.9466667,39025.39,39024.97333,20061103,2006,11,3,307,0.9733333,23.35,35.07,0.0970445,1.4,1.3932069,0.1332997,0.0315656,4.2229342,0.487779,0.6076208,-0.0104845,0.0553055,0.0013743,-0.0106104,-999,-999,-999,-999,-999,0.1285767,0.2299717,0.6414515,8.2201463,2
200610,AO06,WQN131,-12.255,143.8716667,39025.6,39025.18333,20061104,2006,11,4,308,0.1833333,4.4,35.15,0.3417419,1.7,1.6760781,0.1552666,0.0384751,4.0355105,0.514796,0.6423454,-0.018021,0.0195748,0.0019011,-0.0093568,-999,-999,-999,-999,-999,0.0772386,0.1107853,0.8119761,5.2278338,2
200610,AO06,WQN133,-12.1466667,143.8966667,39026.42,39026.00333,20061105,2006,11,5,309,0.0033333,0.0666667,35.13,0.1976758,1.4,1.3861627,0.1159102,0.0318262,3.6419716,0.5162971,0.6237765,-0.0364007,0.0097794,0.0017686,-0.0091983,-999,-999,-999,-999,-999,0.0779013,0.2595948,0.6625039,5.8555448,2
200610,AO06,WQN135,-12.4083333,143.705,39026.61,39026.19333,20061105,2006,11,5,309,0.1933333,4.6333333,35.17,0.358387,1.6,1.5749129,0.1141663,0.0337226,3.3854585,0.5320959,0.6489992,-0.0324428,0.0184071,0.0025069,-0.0083068,-999,-999,-999,-999,-999,0.1168662,0.2527776,0.6303562,7.7375539,2
200610,AO06,WQN136,-12.6233333,143.4616667,39027.35,39026.93333,20061105,2006,11,5,309,0.9333333,22.4,35.5,0.2916717,2.5,2.479583,0.1038683,0.0298209,3.483073,0.6612063,0.7318529,-0.0114338,0.0522493,0.0150235,-0.0131464,-999,-999,-999,-999,-999,0.226807,0.2031199,0.5700731,12.9260214,2
200610,AO06,WQN137,-13.3866667,143.8908333,39027.62847,39027.21181,20061106,2006,11,6,310,0.2118056,5.0833333,35.25,0.2486011,7.7,7.6825979,0.1234314,0.0318283,3.878042,0.5445151,0.6594951,-0.0110725,0.0541637,0.00084,-0.0105612,-999,-999,-999,-999,-999,0.1347614,0.264006,0.6012326,8.6593313,2
200610,AO06,WQN138,-15.43,145.37,39028.45833,39028.04167,20061107,2006,11,7,311,0.0416667,1,35.24,0.1260009,0.9,0.8911799,0.1063463,0.0291015,3.6543202,0.5550655,0.6807194,-0.0130433,0.0265018,0.0124091,-0.0120734,-999,-999,-999,-999,-999,0.3003917,0.2811713,0.418437,16.8438775,2
200610,AO06,WQN139,-15.7835,145.405,39029.62847,39029.21181,20061108,2006,11,8,312,0.2118056,5.0833333,35.28,0.2232471,1.6,1.5843727,0.0858185,0.0220066,3.8996708,1.0775814,0.7705105,-0.0202027,0.0163349,0.0216683,-0.012705,-999,-999,-999,-999,-999,0.2786345,0.186832,0.5345335,15.4004173,2
200709,G07,G07_01,-18.685533,146.761,39344.58333,39344.16667,20070919,2007,9,19,262,0.1666667,4,35.32,0.1269,0.3429,0.334,0.0980674,0.0268671,3.6500869,0.7512084,0.7251347,-0.0152942,0.0425,0.0397,-0.0092415,-999,-999,-999,-999,-999,0.1789602,0.2121162,0.6089237,10.6175129,2
200709,G07,G07_02,-17.37395,146.15623,39345.40764,39344.99097,20070919,2007,9,19,262,0.9909722,23.7833333,35.24,0.3101,0.4889,0.4672,0.0535875,0.0169278,3.1656566,1.0745488,0.7199216,-0.0205775,0.0172,0.0354,-0.0111208,-999,-999,-999,-999,-999,0.1623643,0.1738697,0.663766,9.6513282,2
200709,G07,G07_03,-17.03132,146.08661,39345.5625,39345.14583,20070920,2007,9,20,263,0.1458333,3.5,35.26,-999,-999,-999,-999,-999,3.1656566,1.0745488,0.7199216,-0.0261566,0.0076536,-999,-999,-999,-999,-999,-999,-999,-999,-999,-999,-999,8
200709,G07,G07_04,-16.84743,146.04813,39345.625,39345.20833,20070920,2007,9,20,263,0.2083333,5,35.26,0.2225,0.44,0.4244,0.075537,0.0229528,3.290976,0.6100525,0.6669717,-0.0127124,0.0373,0.0242,-0.010502,-999,-999,-999,-999,-999,0.1962463,0.2268227,0.5769311,11.5233573,2
200709,G07,G07_05,-17.02445,145.99925,39345.8125,39345.39583,20070920,2007,9,20,263,0.3958333,9.5,34.31,3.3946,3,2.7624,0.0388444,0.0172959,2.2458758,0.7638518,0.840015,-0.0165636,0.3605,0.0819,-0.0098115,-999,-999,-999,-999,-999,0.8519136,0.0280655,0.1200209,42.8560294,2
200709,G07,G07_06,-16.84882,145.76726,39346.39583,39345.97917,20070920,2007,9,20,263,0.9791667,23.5,34.6,1.0921,7.4,7.3235,0.0604635,0.0244454,2.4734063,0.3253289,0.5761282,-0.015211,0.1774,0.0355,-0.0125616,0.014,1.293,-999,0.038,0.101,0.3807711,0.0597866,0.5594423,19.896929,0
200709,G07,G07_07,-16.81756,145.82206,39346.46528,39346.04861,20070921,2007,9,21,264,0.0486111,1.1666667,35.2,0.3933,4.45,4.4225,0.0842841,0.0296425,2.8433552,1.2562708,0.7527898,-0.0151263,0.0928,0.0188,-0.0126757,0.006,1.171,-999,0.022,0.026,0.2523912,0.1032192,0.6443895,13.7800479,0
200709,G07,G07_08,-16.78445,145.87802,39346.56597,39346.14931,20070921,2007,9,21,264,0.1493056,3.5833333,35.28,0.6249,1.2,1.1563,0.0374566,0.0132939,2.817585,1.0652194,0.7322646,-0.0113987,0.0764,0.0248,-0.0118913,-999,-999,-999,-999,-999,0.2044748,0.1305002,0.665025,11.5412654,2
200709,G07,G07_09,-17.224035,145.980495,39347.36111,39346.94444,20070921,2007,9,21,264,0.9444444,22.6666667,32.18,0.7829,3.6,3.5452,0.0768079,0.021339,3.5994141,1.4955865,1.1498662,-0.0163347,0.0896,0.045,-0.0112744,-999,-999,-999,-999,-999,0.3297856,0.1242174,0.545997,17.6563638,2
200709,G07,G07_10,-17.257156,146.02371,39347.48958,39347.07292,20070922,2007,9,22,265,0.0729167,1.75,34.95,0.3703,3.64,3.6141,0.0681351,0.0187988,3.6244411,0.8151584,0.7766737,-0.0209865,0.0235,0.0151,-0.0119549,0.003,1.095,-999,0.017,0.011,0.2021026,0.1288389,0.6690585,11.4183838,0
200709,G07,G07_11,-17.318163,146.11803,39347.58333,39347.16667,20070922,2007,9,22,265,0.1666667,4,35.34,0.2367,0.7429,0.7263,0.053096,0.0160408,3.3100653,0.6675384,0.6039115,-0.0156159,0.035,0.0408,-0.0121659,0.008,1.211,-999,0.019,0.006,0.213683,0.1383598,0.6479572,12.0239061,0
200709,G07,G07_12,-17.509288,146.08566,39348.40625,39347.98958,20070922,2007,9,22,265,0.9895833,23.75,34.29,0.5718,3.2,3.16,0.1012384,0.0256526,3.9465089,1.1481216,1.0216355,-0.0157305,0.0918,0.0251,-0.0116658,0.005,1.112,-999,0.017,0.017,0.1816583,0.0929725,0.7253692,10.2731481,0
200709,G07,G07_13,-17.617155,146.249958,39348.53125,39348.11458,20070923,2007,9,23,266,0.1145833,2.75,35.26,0.1267,1.15,1.1411,0.1108312,0.0296885,3.7331288,0.7496825,0.7057344,-0.0210823,0.0113,0.0088,-0.0116615,0.002,1.203,-999,0.013,0.002,0.163259,0.1503273,0.6864138,9.600999,0
200709,G07,G07_14,-17.718155,146.125867,39348.63889,39348.22222,20070923,2007,9,23,266,0.2222222,5.3333333,35.1,0.2103,2.4,2.3853,0.0992937,0.0209641,4.7363791,0.6538235,0.7490498,-0.0150794,0.0409,0.0154,-0.0121417,0.005,1.282,-999,0.011,0.013,0.1423029,0.0929322,0.7647648,8.3445728,0
200709,G07,G07_15,-18.0330183,146.0630017,39349.32292,39348.90625,20070923,2007,9,23,266,0.90625,21.75,34.63,1.2544,27.4,27.3122,0.263237,0.0266221,9.8879147,2.0381157,1.4772558,-0.0157323,0.0704,0.0382,-0.0109632,0.019,1.394,-999,0.032,0.523,0.8086816,0,0.1913184,40.6253979,0
200709,G07,G07_16,-18.0578717,146.088845,39349.48611,39349.06944,20070924,2007,9,24,267,0.0694444,1.6666667,34.92,0.5846,9.7,9.6591,0.0825728,0.0217045,3.8044038,1.3744076,1.1353705,-0.0125295,0.1061,0.0359,-0.0119371,0.012,1.174,-999,0.024,0.121,0.418119,0.1615583,0.4203227,22.1340644,0
200709,G07,G07_17,-18.105507,146.0789583,39349.58681,39349.17014,20070924,2007,9,24,267,0.1701389,4.0833333,35.11,0.6831,7.6,7.5522,0.0948704,0.0238997,3.969523,1.4636112,1.1934124,-0.0157657,0.1217,0.039,-0.0121518,0.014,1.18,-999,0.022,0.103,0.5100122,0.2075123,0.2824755,26.8206454,0
200709,G07,G07_18,-18.104767,146.0537717,39349.64583,39349.22917,20070924,2007,9,24,267,0.2291667,5.5,35.16,0.9851,11.4667,11.3977,0.0977118,0.021241,4.6001601,1.5248321,1.2699715,-0.0166518,0.1036,0.0276,-0.0108635,0.021,1.131,-999,0.032,0.238,0.4999839,0.1238826,0.3761335,25.9947415,0
200709,G07,G07_19,-18.291015,146.0930483,39350.32639,39349.90972,20070924,2007,9,24,267,0.9097222,21.8333333,35.4,0.9302,10.8,10.7349,0.1240406,0.0218327,5.6814208,1.7753839,1.4260499,-0.016548,0.1448,0.0225,-0.0109595,0.009,1.041,-999,0.021,0.096,0.6037058,0.0800493,0.316245,30.901779,0
200709,G07,G07_20,-18.170547,146.0776967,39350.43056,39350.01389,20070925,2007,9,25,268,0.0138889,0.3333333,35.13,0.7127,12.3,12.2501,0.0837664,0.0237514,3.5268002,0.9867755,0.8896351,-0.0151282,0.0998,0.0338,-0.0113183,0.016,1.012,-999,0.025,0.193,0.4728306,0.1042921,0.4228772,24.5858691,0
200709,G07,G07_21,-18.211982,146.411002,39350.59375,39350.17708,20070925,2007,9,25,268,0.1770833,4.25,35.29,0.1523,1.1636,1.153,0.0883998,0.0236651,3.7354484,0.7799766,0.6681212,-0.0124135,0.0215,0.0085,-0.0116863,0.002,0.998,-999,0.012,0.002,0.1806956,0.2153125,0.603992,10.7153324,0
200709,G07,G07_22,-18.520384,146.389603,39351.32292,39350.90625,20070925,2007,9,25,268,0.90625,21.75,35.16,0.4496,4,3.9685,0.0933145,0.0342076,2.7278907,1.0915083,0.716774,-0.0123739,0.115,0.0107,-0.0113456,0.007,1.109,-999,0.019,0.028,0.3867641,0.2047751,0.4084608,20.7705428,0
200709,G07,G07_23,-18.735887,146.406876,39351.47569,39351.05903,20070926,2007,9,26,269,0.0590278,1.4166667,35.32,0.2318,0.5714,0.5552,0.0761025,0.0239099,3.1828902,0.8417704,0.8173511,-0.0105977,0.0611,0.0924,-0.0118119,0.024,0.909,-999,0.024,0.014,0.1417716,0.0949109,0.7633175,8.3264522,0
200709,G07,G07_24,-18.800267,146.380697,39351.5625,39351.14583,20070926,2007,9,26,269,0.1458333,3.5,35.73,0.2262,2.1333,2.1175,0.1148699,0.026587,4.3205233,0.7460875,0.7762572,-0.0137178,0.0409,0.0168,-0.0115131,-999,-999,-999,-999,-999,0.1918439,0.1501397,0.6580164,11.0009091,2
200804,G08,G08_01,-16.8484,145.7677833,39556.40972,39555.99306,20080417,2008,4,17,108,0.9930556,23.8333333,33.2,2.2088,46.8,46.6454,-999,-999,-999,-999,-999,-0.0145,0.1983,0.0584,-0.0155204,0.004,0.768,-999,0.012,0.209,0.8073345,0.0708486,0.1218169,40.8427857,1
200804,G08,G08_02,-16.8176167,145.8222667,39556.60417,39556.1875,20080418,2008,4,18,109,0.1875,4.5,34.16,0.7171,5.4,5.3498,0.0564141,0.022697,2.4855337,0.6893527,0.7464922,-0.0155,0.0574,0.0362,-0.0133952,0.01,0.979,-999,0.018,0.052,0.5165434,0.1932568,0.2901998,27.0836514,0
200804,G08,G08_03,-16.7850833,145.8779833,39556.68403,39556.26736,20080418,2008,4,18,109,0.2673611,6.4166667,34.42,0.5912,1.8,1.7586,0.0543345,0.0206323,2.6334662,0.6843113,0.764937,-0.0110961,0.1021147,0.0454,-0.0120523,0.011,1.125,-999,0.015,0.019,0.418678,0.3057369,0.2755852,22.7381682,0
200804,G08,G08_04,-17.2240667,145.9799667,39557.34375,39556.92708,20080418,2008,4,18,109,0.9270833,22.25,33.26,1.1843,6.0667,5.9838,0.0399007,0.0145466,2.7429595,0.836989,0.8631257,-0.0218,0.0562,0.0587,-0.0132725,0.011,0.99,-999,0.018,0.064,0.5838623,0.1507092,0.2654285,30.2120879,0
200804,G08,G08_05,-17.25685,146.0199167,39557.45139,39557.03472,20080419,2008,4,19,110,0.0347222,0.8333333,33.32,0.9238,3.8,3.7353,0.0523189,0.0187585,2.7890778,0.6962274,0.7541503,-0.0185,0.0692,0.0542,-0.0130716,0.009,0.9,-999,0.016,0.034,0.5511295,0.1413745,0.307496,28.5708442,0
200804,G08,G08_06,-17.318,146.1180833,39557.57639,39557.15972,20080419,2008,4,19,110,0.1597222,3.8333333,33.72,0.7585,1.8,1.7469,0.0499379,0.0179171,2.7871711,0.6673522,0.7380507,-0.0176,0.0591,0.0421,-0.0112563,0.01,1.298,-999,0.016,0.019,0.3788695,0.2470934,0.3740371,20.5529791,0
200804,G08,G08_07,-17.5090833,146.0875833,39557.6875,39557.27083,20080419,2008,4,19,110,0.2708333,6.5,33.06,1.2251,7,6.9142,0.0576939,0.0205189,2.8117423,0.7986854,0.7922993,-0.0139,0.1426,0.0299,-0.012797,0.008,0.58,-999,0.015,0.059,0.489546,0.1608955,0.3495585,25.631337,0
200804,G08,G08_08,-18.0665667,146.15095,39558.35417,39557.9375,20080419,2008,4,19,110,0.9375,22.5,33.92,1.0471,4.7333,4.66,0.063081,0.0204345,3.0869789,0.9308576,0.9004752,-0.0127,0.0989,0.0448,-0.0125978,0.015,1.057,-999,0.021,0.07,0.5102206,0.1599913,0.3297881,26.6407734,0
200804,G08,G08_09,-18.0831667,146.12515,39558.42708,39558.01042,20080420,2008,4,20,111,0.0104167,0.25,33.97,0.7165,3.4667,3.4165,-999,-999,-999,-999,-999,-0.0141,0.0963,0.0515,-0.0118588,0.008,1.24,-999,0.016,0.026,0.4223779,0.1716956,0.4059264,22.3833015,1
200804,G08,G08_10,-18.0579333,146.0888,39558.52431,39558.10764,20080420,2008,4,20,111,0.1076389,2.5833333,32.59,0.8017,5.8,5.7439,0.0741676,0.0220453,3.364326,0.718698,0.7725843,-0.0146,0.2325,0.033,-0.0132398,0.009,1.223,-999,0.015,0.052,0.3285863,0.0906493,0.5807645,17.4633252,0
200804,G08,G08_11,-18.0309333,146.0647167,39558.60764,39558.19097,20080420,2008,4,20,111,0.1909722,4.5833333,27.96,12.7763,15.6,14.7057,0.0371669,0.0178679,2.080091,0.4815749,0.6497737,-0.0174,0.2729,0.084,-0.0120452,0.007,0.944,-999,0.016,0.113,0.1038682,0.8787269,0.017405,9.6044483,0
200804,G08,G08_12,-18.1047167,146.0536667,39559.32986,39558.91319,20080420,2008,4,20,111,0.9131944,21.9166667,32.59,0.9687,5.1333,5.0655,-999,-999,-999,-999,-999,-0.0168,0.1842,0.0614,-0.0127175,0.012,0.873,-999,0.021,0.059,0.3731116,0.1104854,0.516403,19.7244092,1
200804,G08,G08_13,-18.1056,146.0787333,39559.4375,39559.02083,20080421,2008,4,21,112,0.0208333,0.5,33.79,0.4833,4.1333,4.0995,0.0754265,0.0230734,3.2689846,0.5619317,0.7005785,-0.0164,0.0952,0.0363,-0.0132448,0.008,1.207,-999,0.018,0.034,0.2674302,0.1085426,0.6240272,14.5382483,0
200804,G08,G08_14,-18.0955333,146.18255,39559.55208,39559.13542,20080421,2008,4,21,112,0.1354167,3.25,34,0.4997,2.75,2.715,-999,-999,-999,-999,-999,-0.018,0.0551,0.0357,-0.0121913,0.01,0.891,-999,0.02,0.027,0.3298241,0.1670188,0.5031571,17.829454,1
200804,G08,G08_15,-18.17055,146.0778667,39559.65278,39559.23611,20080421,2008,4,21,112,0.2361111,5.6666667,32.35,1.0095,6.2,6.1293,0.0598898,0.0226466,2.6445391,0.6898981,0.6902455,-0.018,0.1818,0.0282,-0.0122926,0.007,1.137,-999,0.018,0.04,0.438915,0.0716104,0.4894746,22.793275,0
200804,G08,G08_16,-18.291,146.093,39560.32292,39559.90625,20080421,2008,4,21,112,0.90625,21.75,30.04,1.0398,2,1.9272,0.0469983,0.0194725,2.4135675,0.6698656,0.7189246,-0.0165,0.3954,0.0494,-0.0103246,0.019,0.94,-999,0.019,0.037,0.5491199,0.060584,0.3902961,28.1492092,0
200804,G08,G08_17,-18.5193333,146.3889167,39560.60417,39560.1875,20080422,2008,4,22,113,0.1875,4.5,33.21,0.437,1.68,1.6494,0.0727217,0.0223923,3.2476125,0.5377761,0.6805331,-0.0151,0.1301,0.0518,-0.0114299,0.014,0.802,-999,0.019,0.023,0.248404,0.1858521,0.5657439,13.9152045,0
200804,G08,G08_18,-18.5193333,146.3889167,39561.42708,39561.01042,20080423,2008,4,23,114,0.0104167,0.25,33.65,0.3286,3.32,3.297,0.0851807,0.0276852,3.0767555,0.5446225,0.6678563,-0.0156,0.1004,0.0227,-0.0115655,0.005,1.022,-999,0.023,0.016,0.2406093,0.1564776,0.6029132,13.4157637,0
200804,G08,G08_19,-18.6939333,146.4069833,39561.5625,39561.14583,20080423,2008,4,23,114,0.1458333,3.5,34.1,0.4416,3.65,3.6191,0.0689487,0.0213387,3.2311513,0.8219929,0.8651937,-0.0124,0.0995,0.0213,-0.0125235,0.005,0.792,-999,0.019,0.017,0.2550612,0.2464201,0.4985187,14.4836791,0
200804,G08,G08_20,-18.8003,146.3806,39561.63889,39561.22222,20080423,2008,4,23,114,0.2222222,5.3333333,34.02,0.4515,5.2667,5.2351,0.0904991,0.0249747,3.6236284,0.8565579,0.8639402,-0.0124,0.1493,0.0249,-0.0129998,0.009,1.031,-999,0.019,0.049,0.1847805,0.1121303,0.7030892,10.5027679,0
200705,Tas07,T07_01,-43.1271667,147.483667,39223.65208,39223.23542,20070521,2007,5,21,142,0.2354167,5.65,34.7461,1.4292464,0.8,0.7899953,0.0526998,0.0200111,2.6335332,0.4983469,0.5959987,-999.98999,-999.98999,0.031109,-0.008988,0.0059263,0.761667,-999,0.011796,-999,0.7112108,0.1430543,0.145735,0.0871323,0
200705,Tas07,T07_02,-43.305333,147.1385,39224.39097,39223.97431,20070521,2007,5,21,142,0.9743056,23.3833333,34.649,0.8291724,0.91,0.9041958,0.0540366,0.0201734,2.6786072,0.8525149,0.8071998,-999.98999,-999.98999,0.037691,-0.009902,0.0059956,0.845965,-999,0.022299,-999,0.5164513,0.1220564,0.3614922,0.1920134,0
200705,Tas07,T07_03,-43.302667,147.139,39224.48611,39224.06944,20070522,2007,5,22,143,0.0694444,1.6666667,34.7436,-999,-999,-999,-999,-999,-999,-999,-999,-999,-999,-999,-999,-999,-999,-999,-999,-999,-999,-999,-999,-999,10
200705,Tas07,T07_04,-43.302667,147.1365,39224.55903,39224.14236,20070522,2007,5,22,143,0.1423611,3.4166667,34.7487,0.7496536,0.7,0.6947524,0.0655789,0.0236672,2.7708738,0.7048957,0.722463,-0.016045,0.142021,0.0476198,-0.009982,0.0077357,0.856432,-999,0.020419,-999,0.4999162,0.1347459,0.3653379,0.1944054,0
200705,Tas07,T07_05,-43.304333,147.1345,39224.62639,39224.20972,20070522,2007,5,22,143,0.2097222,5.0333333,-999,-999,-999,-999,-999,-999,-999,-999,-999,-999,-999,-999,-999,-999,0.920608,-999,0.015825,-999,-999,-999,-999,-999,9
200705,Tas07,T07_06,-43.3045,147.134667,39224.66667,39224.25,20070522,2007,5,22,143,0.25,6,34.7854,0.7882,0.6,0.5944826,0.0614666,0.0231686,2.6530187,0.6279964,0.6739838,-0.015864,0.131126,0.0395941,-0.010061,-999,-999,-999,-999,-999,0.4422055,0.1328215,0.424973,0.2235496,2
200705,Tas07,T07_07,-43.141333,147.274667,39225.37986,39224.96319,20070522,2007,5,22,143,0.9631944,23.1166667,34.2696,0.4721278,1.6,1.5966951,0.0719096,0.0277046,2.5955875,0.6686778,0.7012485,-0.015783,0.301785,0.0439577,-0.010964,0.0076694,0.773488,-999,0.056637,-999,0.4472081,0.0819935,0.4707984,0.2439709,0
200705,Tas07,T07_08,-43.085667,147.3121667,39225.45833,39225.04167,20070523,2007,5,23,144,0.0416667,1,34.3829,0.6566831,0.85,0.8454032,0.0638753,0.022607,2.8254664,0.8579052,0.8298649,-0.015708,0.25987,0.0479842,-0.009812,0.0112071,0.815651,-999,0.026209,-999,0.5928982,0.0892044,0.3178973,0.1693379,0
200705,Tas07,T07_09,-43.08399,147.4176883,39225.58819,39225.17153,20070523,2007,5,23,144,0.1715278,4.1166667,34.6691,1.3208022,0.7,0.6907544,0.049919,0.0211248,2.3630478,0.568467,0.6183679,-0.015803,0.178659,0.0592772,-0.009233,0.0069814,0.745959,-999,0.012705,-999,0.718863,0.0823177,0.1988194,0.1107142,0
200705,Tas07,T07_10,-43.15915,147.590665,39225.67361,39225.25694,20070523,2007,5,23,144,0.2569444,6.1666667,35.0942,-999,-999,-999,-999,-999,-999,-999,-999,-999,-999,-999,-999,-999,0.708226,-999,0.004839,-999,-999,-999,-999,-999,9
200705,Tas07,T07_11,-42.6866233,148.1175683,39226.38542,39225.96875,20070523,2007,5,23,144,0.96875,23.25,35.2601,0.5471297,0.2,0.1961701,0.1161784,0.0433236,2.6816413,0.6132635,0.6746393,-0.01481,0.041002,0.0762298,-0.006343,0.00796,0.63293,-999,0.006837,-999,0.1535386,0.1839104,0.662551,0.3420064,0
200705,Tas07,T07_12,-42.5440733,148.0202917,39226.51389,39226.09722,20070524,2007,5,24,145,0.0972222,2.3333333,35.5487,0.8577877,0.65,0.6439955,0.0419834,0.0175931,2.3863537,0.6333042,0.7186956,-0.011679,0.07882,0.021188,-0.007854,0.0024292,0.699586,-999,0.004571,-999,0.6515161,0.1993303,0.1491537,0.0910585,0
200705,Tas07,T07_13,-42.3130817,148.030433,39226.62847,39226.21181,20070524,2007,5,24,145,0.2118056,5.0833333,35.563,1.3208981,0.36,0.3507537,0.0345705,0.0164174,2.1057181,0.6584568,0.7281814,-0.013116,0.064951,0.037485,-0.007895,0.0054194,0.725885,-999,0.004245,-999,0.7484384,0.137508,0.1140536,0.0713866,0
200705,Tas07,T07_14,-42.2992033,148.3548317,39227.37569,39226.95903,20070524,2007,5,24,145,0.9590278,23.0166667,35.4014,0.445972,0.27,0.2668782,0.0696241,0.0267365,2.6040854,0.6256595,0.6797475,-0.015618,0.034118,0.0247229,-0.007127,0.0046407,0.966133,-999,0.005932,-999,0.2526127,0.2257108,0.5216764,0.2746499,0
200705,Tas07,T07_15,-42.0346817,148.3061667,39227.49792,39227.08125,20070525,2007,5,25,146,0.08125,1.95,35.5311,0.2830262,0.36,0.3580188,0.0720567,0.0255278,2.8226717,0.589161,0.6573069,-0.011831,0.068184,0.0175298,-0.007722,0.0046556,0.872261,-999,0.004227,-999,0.2274662,0.3603309,0.4122029,0.2263926,0
200705,Tas07,T07_16,-41.7940367,148.2933683,39227.60556,39227.18889,20070525,2007,5,25,146,0.1888889,4.5333333,35.6171,1.5269374,0.68,0.6693114,0.0319162,0.0114406,2.7897251,0.5282405,0.6296227,-0.015967,0.059033,0.0088091,-0.005685,0.0018941,0.836257,-999,0.005686,-999,0.2402097,0.4810945,0.2786958,0.1658047,0
200705,Tas07,T07_17,-41.67927,148.30635,39227.67014,39227.25347,20070525,2007,5,25,146,0.2534722,6.0833333,-999,-999,-999,-999,-999,-999,-999,-999,-999,-999,-999,-999,-999,-999,-999,-999,-999,-999,-999,-999,-999,-999,10
200705,Tas07,T07_18,-41.268833,148.347,39228.38403,39227.96736,20070525,2007,5,25,146,0.9673611,23.2166667,35.5596,0.4862689,0.4,0.3965961,0.0698591,0.0262338,2.66294,0.6387028,0.717364,-0.010024,0.084911,0.0199825,-0.007041,0.00499,0.652721,-999,0.009144,-999,0.3207487,0.4600014,0.2192499,0.1358325,0
200705,Tas07,T07_19,-41.25833,148.363,39228.42153,39228.00486,20070526,2007,5,26,147,0.0048611,0.1166667,35.5331,-999,-999,-999,-999,-999,-999,-999,-999,-999,-999,-999,-999,-999,0.846049,-999,0.004706,-999,-999,-999,-999,-999,9
200705,Tas07,T07_20,-41.062,148.313,39228.52431,39228.10764,20070526,2007,5,26,147,0.1076389,2.5833333,35.5473,0.5698243,0.48,0.4760112,0.0563913,0.0210749,2.6757607,0.6265067,0.7036869,-0.010066,0.093321,0.0138673,-0.007629,0.0035479,0.786336,-999,0.005048,-999,0.3211959,0.4581349,0.2206692,0.1364533,0
200705,Tas07,T07_21,-40.8651667,148.257,39228.5375,39228.12083,20070526,2007,5,26,147,0.1208333,2.9,35.5601,-999,1.27,-999,-999,-999,-999,-999,-999,-999,-999,-999,-999,-999,0.686305,-999,0.011048,-999,-999,-999,-999,-999,9
200705,Tas07,T07_22,-41.1530933,146.371995,39229.36111,39228.94444,20070526,2007,5,26,147,0.9444444,22.6666667,35.0969,0.6019768,-999,-999,0.0631484,0.0235462,2.6818929,0.6914232,0.7222309,-999,-999,-999,-999,0.0154866,0.762489,-999,0.04835,-999,0.4914914,0.2337744,0.2747342,0.1539707,5
200705,Tas07,T07_23,-41.125833,146.562667,39229.43403,39229.01736,20070527,2007,5,27,148,0.0173611,0.4166667,35.6087,0.4343886,0.94,0.9369593,0.1377561,0.0457545,3.0107665,0.7291774,0.7685032,-0.013568,0.082322,0.0762296,-0.010898,0.0207213,0.66079,-999,0.050031,-999,0.4912667,0.2280764,0.280657,0.156645,0
200705,Tas07,T07_24,-41.06233,146.7825,39229.51667,39229.1,20070527,2007,5,27,148,0.1,2.4,34.0109,0.5636586,2.13,2.1260544,-999,-999,-999,-999,-999,-0.014873,0.149056,-470.3501447,999.98999,-999,-999,-999,-999,-999,0.6470949,0.0934396,0.2594655,0.1408757,3
200705,Tas07,T07_25,-40.997333,147.14833,39229.64583,39229.22917,20070527,2007,5,27,148,0.2291667,5.5,35.4397,1.0267996,1.67,1.6628124,0.0387026,0.0161869,2.3909862,0.4063849,0.5551064,-0.01761,0.060999,0.0286893,-0.011355,0.0088886,0.90007,-999,0.032331,-999,0.5651962,0.1488293,0.2859745,0.1560807,0
200705,Tas07,T07_26,-43.1211667,147.54533,39230.70069,39230.28403,20070528,2007,5,28,149,0.2840278,6.8166667,-999,1.4375796,1,0.9899369,0.0743015,0.0288478,2.5756359,0.6360974,0.6823244,-0.015403,0.177506,0.0504588,-0.009309,-999,-999,-999,-999,-999,0.6710287,0.129799,0.1991723,0.1127864,2
200705,Tas07,T07_27,-43.062833,147.372667,39230.75,39230.33333,20070528,2007,5,28,149,0.3333333,8,-999,0.7231967,0.95,0.9449376,0.0545439,0.0203365,2.6820772,0.7203516,0.7216585,-0.015541,0.270492,0.0397804,-0.010101,-999,-999,-999,-999,-999,0.5087262,0.1115914,0.3796824,0.200508,2
200705,Tas07,T07_28,-43.3211667,147.129667,39230.84444,39230.42778,20070528,2007,5,28,149,0.4277778,10.2666667,-999,0.4887013,0.775,0.7715791,0.053684,0.0175828,3.0532074,0.7984816,0.7520772,-0.014638,0.99795,0.1556885,-0.011244,-999,-999,-999,-999,-999,0.406516,0.1266361,0.4668479,0.2438209,2
200705,Tas07,T07_29,-43.561133,146.9365,39230.92083,39230.50417,20070528,2007,5,28,149,0.5041667,12.1,-999,0.4427497,0.68,0.6769008,0.0673909,0.0254799,2.6448667,0.637176,0.691655,-0.015144,0.101724,0.0192894,-0.008765,-999,-999,-999,-999,-999,0.3436785,0.1833563,0.4729652,0.2490872,2
200705,Tas07,T07_30,-43.338833,146.0071667,39231.39583,39230.97917,20070528,2007,5,28,149,0.9791667,23.5,-999,0.2645414,1,0.9981482,0.0682326,0.0162274,4.204772,1.6743096,1.3339528,-0.01405,5.387703,0.245696,-0.011181,0.004365,0.254467,-999,0.012655,-999,0.473743,0.2469909,0.2792661,0.15672,0
200705,Tas07,T07_31,-43.2931667,145.942667,39231.45139,39231.03472,20070529,2007,5,29,150,0.0347222,0.8333333,32.3119,0.3396913,1.07,1.0676222,0.0920627,0.023955,3.8431442,1.2857089,1.1260962,-0.013705,1.889478,0.1723156,-0.009849,0.0030944,0.339535,-999,0.015302,-999,0.5698874,0.1374779,0.2926347,0.1588901,0
200705,Tas07,T07_32,-43.3281833,145.926383,39231.47986,39231.06319,20070529,2007,5,29,150,0.0631944,1.5166667,34.5704,0.1707654,0.75,0.7488046,0.0680327,0.0251044,2.7099936,0.9660381,0.9748346,-0.013958,0.460279,0.0552627,-0.008329,0.0045573,0.556238,-999,0.010154,-999,0.5676272,0.167189,0.2651838,0.1466276,0
200705,Tas07,T07_33,-43.5491667,146.577833,39231.73958,39231.32292,20070529,2007,5,29,150,0.3229167,7.75,35.0185,0.5640663,0.45,0.4460515,0.07973,0.0209562,3.804605,1.3042964,1.1471952,-0.014558,0.146076,0.1357354,-0.009809,0.0044111,0.550018,-999,0.005695,-999,0.3513723,0.18476,0.4638677,0.2446856,0
200705,Tas07,T07_34,-43.3935,147.0775,39232.40069,39231.98403,20070529,2007,5,29,150,0.9840278,23.6166667,34.7011,0.3357486,0.5,0.4976498,0.0836162,0.0311767,2.6820085,0.7325937,0.739459,-0.014862,0.211221,0.0599197,-0.009496,0.007584,0.776609,-999,0.009246,-999,0.4135074,0.1365038,0.4499887,0.2359546,0
200108,WL01,WL22_1,-32.14354,152.47323,-999,-999,-999,2001,8,22,22,-999,-999,-999,0.644257028,15.47,15.42490201,0.023828115,0.001277668,18.64968765,2.104999205,1.642450557,-0.0179,0.80824795,0.367,-0.0124,0.006,0.693201798,-999,-999,-999,-999,-999,-999,-999,0
200108,WL01,WL22_3,-32.2225,152.52115,-999,-999,-999,2001,8,22,22,-999,-999,-999,0.833839357,16.69,16.63163124,0.009922218,0.000631512,15.7118356,2.014318442,1.594967972,-0.0181,0.48535637,0.1649,-0.0117,0.0027,0.769664735,-999,-999,-999,-999,-999,-999,-999,0
200108,WL01,WL23_8,-32.24169,152.48672,-999,-999,-999,2001,8,23,23,-999,-999,-999,0.985983936,20.53,20.46098112,0.008634201,0.000435825,19.81116509,2.136645481,1.658903857,-0.0185,0.36532448,0.1767,-0.0127,0.0021,1.056502533,-999,-999,-999,-999,-999,-999,-999,0
200108,WL01,WL23_10,-32.19289,152.41429,-999,-999,-999,2001,8,23,23,-999,-999,-999,0.776674699,17.22,17.16563277,0.020211929,0.001075033,18.80120947,2.109613195,1.644839902,-0.0186,0.66985588,0.3466,-0.0124,0.0051,0.885977814,-999,-999,-999,-999,-999,-999,-999,0
200805,WL08,WL1,-32.228383,152.52257,-999,-999,-999,2008,5,13,13,-999,-999,-999,1.098,4.833333333,4.763333333,0.0797,0.0371,2.150095166,0.658964032,0.748901106,-0.017513718,2.2057,0.0315,-0.010965335,0.003913647,0.907409552,-999,-999,-999,-999,-999,-999,-999,0
200805,WL08,WL3,-32.265517,152.47267,-999,-999,-999,2008,5,13,13,-999,-999,-999,2.627,4.066666667,3.996666667,0.1134,0.0584,1.943593525,0.572644069,0.638062095,-0.017303802,2.0383,0.0232,-0.0098728,0.005317629,0.747895792,-999,-999,-999,-999,-999,-999,-999,0
200805,WL08,WL6,-32.181917,152.47303,-999,-999,-999,2008,5,14,14,-999,-999,-999,3.385,10.33333333,10.26333333,0.0467,0.0647,0.722214368,0.959826298,0.433057616,-0.01667758,3.1468,0.06,-0.012699182,0.005543855,0.604761293,-999,-999,-999,-999,-999,-999,-999,0
